array_row_idx,clip_id
0,no_throw_clip_1
1,no_throw_clip_10
2,no_throw_clip_100
3,no_throw_clip_1000
4,no_throw_clip_1001
5,no_throw_clip_1003
6,no_throw_clip_1004
7,no_throw_clip_1005
8,no_throw_clip_1006
9,no_throw_clip_1007
10,no_throw_clip_1009
11,no_throw_clip_1012
12,no_throw_clip_1017
13,no_throw_clip_1018
14,no_throw_clip_1019
15,no_throw_clip_1020
16,no_throw_clip_1022
17,no_throw_clip_1029
18,no_throw_clip_1031
19,no_throw_clip_1033
20,no_throw_clip_1034
21,no_throw_clip_1035
22,no_throw_clip_1036
23,no_throw_clip_1037
24,no_throw_clip_1038
25,no_throw_clip_1039
26,no_throw_clip_104
27,no_throw_clip_1040
28,no_throw_clip_1041
29,no_throw_clip_1043
30,no_throw_clip_1047
31,no_throw_clip_1048
32,no_throw_clip_1049
33,no_throw_clip_105
34,no_throw_clip_1050
35,no_throw_clip_1051
36,no_throw_clip_1053
37,no_throw_clip_1055
38,no_throw_clip_1056
39,no_throw_clip_1057
40,no_throw_clip_106
41,no_throw_clip_1061
42,no_throw_clip_1062
43,no_throw_clip_1063
44,no_throw_clip_1064
45,no_throw_clip_1065
46,no_throw_clip_1068
47,no_throw_clip_1069
48,no_throw_clip_107
49,no_throw_clip_1071
50,no_throw_clip_1076
51,no_throw_clip_1077
52,no_throw_clip_1078
53,no_throw_clip_1080
54,no_throw_clip_1085
55,no_throw_clip_1086
56,no_throw_clip_1087
57,no_throw_clip_1088
58,no_throw_clip_109
59,no_throw_clip_1090
60,no_throw_clip_1091
61,no_throw_clip_1092
62,no_throw_clip_1093
63,no_throw_clip_1094
64,no_throw_clip_1096
65,no_throw_clip_1097
66,no_throw_clip_1098
67,no_throw_clip_1099
68,no_throw_clip_11
69,no_throw_clip_110
70,no_throw_clip_1100
71,no_throw_clip_1101
72,no_throw_clip_1102
73,no_throw_clip_1103
74,no_throw_clip_1104
75,no_throw_clip_1105
76,no_throw_clip_1106
77,no_throw_clip_1107
78,no_throw_clip_111
79,no_throw_clip_1112
80,no_throw_clip_1113
81,no_throw_clip_1114
82,no_throw_clip_112
83,no_throw_clip_1122
84,no_throw_clip_1123
85,no_throw_clip_1127
86,no_throw_clip_1128
87,no_throw_clip_1129
88,no_throw_clip_1130
89,no_throw_clip_1132
90,no_throw_clip_1133
91,no_throw_clip_1134
92,no_throw_clip_1135
93,no_throw_clip_1136
94,no_throw_clip_1137
95,no_throw_clip_1138
96,no_throw_clip_1139
97,no_throw_clip_1146
98,no_throw_clip_1148
99,no_throw_clip_1149
100,no_throw_clip_115
101,no_throw_clip_1150
102,no_throw_clip_1152
103,no_throw_clip_1153
104,no_throw_clip_1154
105,no_throw_clip_1155
106,no_throw_clip_1157
107,no_throw_clip_1158
108,no_throw_clip_1159
109,no_throw_clip_116
110,no_throw_clip_1160
111,no_throw_clip_1162
112,no_throw_clip_1165
113,no_throw_clip_1166
114,no_throw_clip_1167
115,no_throw_clip_117
116,no_throw_clip_1170
117,no_throw_clip_118
118,no_throw_clip_1181
119,no_throw_clip_1182
120,no_throw_clip_1183
121,no_throw_clip_1186
122,no_throw_clip_1187
123,no_throw_clip_1188
124,no_throw_clip_1189
125,no_throw_clip_1190
126,no_throw_clip_1191
127,no_throw_clip_1192
128,no_throw_clip_1195
129,no_throw_clip_1196
130,no_throw_clip_1197
131,no_throw_clip_1198
132,no_throw_clip_1199
133,no_throw_clip_1200
134,no_throw_clip_1201
135,no_throw_clip_1204
136,no_throw_clip_1207
137,no_throw_clip_1209
138,no_throw_clip_1210
139,no_throw_clip_1211
140,no_throw_clip_1212
141,no_throw_clip_1217
142,no_throw_clip_1218
143,no_throw_clip_1222
144,no_throw_clip_1226
145,no_throw_clip_1227
146,no_throw_clip_1228
147,no_throw_clip_123
148,no_throw_clip_1232
149,no_throw_clip_1235
150,no_throw_clip_1243
151,no_throw_clip_1247
152,no_throw_clip_1248
153,no_throw_clip_1249
154,no_throw_clip_125
155,no_throw_clip_1250
156,no_throw_clip_1251
157,no_throw_clip_1252
158,no_throw_clip_1253
159,no_throw_clip_1254
160,no_throw_clip_1255
161,no_throw_clip_1256
162,no_throw_clip_1259
163,no_throw_clip_126
164,no_throw_clip_1260
165,no_throw_clip_1261
166,no_throw_clip_1262
167,no_throw_clip_1264
168,no_throw_clip_1265
169,no_throw_clip_1266
170,no_throw_clip_1267
171,no_throw_clip_127
172,no_throw_clip_1270
173,no_throw_clip_1271
174,no_throw_clip_1274
175,no_throw_clip_1276
176,no_throw_clip_1279
177,no_throw_clip_128
178,no_throw_clip_1280
179,no_throw_clip_1281
180,no_throw_clip_1282
181,no_throw_clip_1283
182,no_throw_clip_1288
183,no_throw_clip_129
184,no_throw_clip_1292
185,no_throw_clip_1293
186,no_throw_clip_1298
187,no_throw_clip_1299
188,no_throw_clip_13
189,no_throw_clip_130
190,no_throw_clip_1301
191,no_throw_clip_1302
192,no_throw_clip_1304
193,no_throw_clip_1305
194,no_throw_clip_1307
195,no_throw_clip_1308
196,no_throw_clip_1309
197,no_throw_clip_131
198,no_throw_clip_1312
199,no_throw_clip_1314
200,no_throw_clip_1315
201,no_throw_clip_1316
202,no_throw_clip_1317
203,no_throw_clip_1318
204,no_throw_clip_132
205,no_throw_clip_1320
206,no_throw_clip_1321
207,no_throw_clip_1323
208,no_throw_clip_1324
209,no_throw_clip_1329
210,no_throw_clip_133
211,no_throw_clip_1331
212,no_throw_clip_1332
213,no_throw_clip_1333
214,no_throw_clip_1334
215,no_throw_clip_1336
216,no_throw_clip_1337
217,no_throw_clip_1338
218,no_throw_clip_134
219,no_throw_clip_1340
220,no_throw_clip_1341
221,no_throw_clip_1342
222,no_throw_clip_1343
223,no_throw_clip_1344
224,no_throw_clip_1347
225,no_throw_clip_1349
226,no_throw_clip_135
227,no_throw_clip_1350
228,no_throw_clip_1352
229,no_throw_clip_1353
230,no_throw_clip_1354
231,no_throw_clip_1356
232,no_throw_clip_1361
233,no_throw_clip_1365
234,no_throw_clip_1367
235,no_throw_clip_1368
236,no_throw_clip_1369
237,no_throw_clip_137
238,no_throw_clip_1374
239,no_throw_clip_1376
240,no_throw_clip_1379
241,no_throw_clip_138
242,no_throw_clip_1380
243,no_throw_clip_1382
244,no_throw_clip_1383
245,no_throw_clip_1386
246,no_throw_clip_1387
247,no_throw_clip_139
248,no_throw_clip_1395
249,no_throw_clip_1396
250,no_throw_clip_14
251,no_throw_clip_140
252,no_throw_clip_1400
253,no_throw_clip_1401
254,no_throw_clip_1403
255,no_throw_clip_1405
256,no_throw_clip_1406
257,no_throw_clip_1407
258,no_throw_clip_1408
259,no_throw_clip_1409
260,no_throw_clip_141
261,no_throw_clip_1410
262,no_throw_clip_1411
263,no_throw_clip_1413
264,no_throw_clip_1417
265,no_throw_clip_1418
266,no_throw_clip_142
267,no_throw_clip_1420
268,no_throw_clip_1427
269,no_throw_clip_1428
270,no_throw_clip_143
271,no_throw_clip_1432
272,no_throw_clip_1433
273,no_throw_clip_1434
274,no_throw_clip_1435
275,no_throw_clip_144
276,no_throw_clip_1445
277,no_throw_clip_1446
278,no_throw_clip_1447
279,no_throw_clip_1448
280,no_throw_clip_1449
281,no_throw_clip_145
282,no_throw_clip_1451
283,no_throw_clip_1453
284,no_throw_clip_146
285,no_throw_clip_1464
286,no_throw_clip_1465
287,no_throw_clip_1468
288,no_throw_clip_1469
289,no_throw_clip_1470
290,no_throw_clip_1474
291,no_throw_clip_1475
292,no_throw_clip_1476
293,no_throw_clip_1478
294,no_throw_clip_1479
295,no_throw_clip_148
296,no_throw_clip_1480
297,no_throw_clip_1481
298,no_throw_clip_1482
299,no_throw_clip_1484
300,no_throw_clip_1485
301,no_throw_clip_1486
302,no_throw_clip_1487
303,no_throw_clip_1491
304,no_throw_clip_1493
305,no_throw_clip_1497
306,no_throw_clip_1498
307,no_throw_clip_1499
308,no_throw_clip_15
309,no_throw_clip_150
310,no_throw_clip_1506
311,no_throw_clip_1508
312,no_throw_clip_151
313,no_throw_clip_1510
314,no_throw_clip_1511
315,no_throw_clip_1514
316,no_throw_clip_1521
317,no_throw_clip_1522
318,no_throw_clip_1523
319,no_throw_clip_1524
320,no_throw_clip_1525
321,no_throw_clip_1526
322,no_throw_clip_1527
323,no_throw_clip_1528
324,no_throw_clip_1529
325,no_throw_clip_153
326,no_throw_clip_1531
327,no_throw_clip_1532
328,no_throw_clip_1534
329,no_throw_clip_1536
330,no_throw_clip_1537
331,no_throw_clip_1539
332,no_throw_clip_1540
333,no_throw_clip_1541
334,no_throw_clip_1542
335,no_throw_clip_1543
336,no_throw_clip_1545
337,no_throw_clip_1546
338,no_throw_clip_1548
339,no_throw_clip_1550
340,no_throw_clip_1551
341,no_throw_clip_1552
342,no_throw_clip_1554
343,no_throw_clip_1555
344,no_throw_clip_1557
345,no_throw_clip_1558
346,no_throw_clip_1559
347,no_throw_clip_1560
348,no_throw_clip_1561
349,no_throw_clip_1564
350,no_throw_clip_1565
351,no_throw_clip_1566
352,no_throw_clip_1567
353,no_throw_clip_1568
354,no_throw_clip_1569
355,no_throw_clip_1572
356,no_throw_clip_1576
357,no_throw_clip_1577
358,no_throw_clip_1578
359,no_throw_clip_1580
360,no_throw_clip_1581
361,no_throw_clip_1582
362,no_throw_clip_1583
363,no_throw_clip_1584
364,no_throw_clip_1586
365,no_throw_clip_1587
366,no_throw_clip_1588
367,no_throw_clip_1589
368,no_throw_clip_159
369,no_throw_clip_1590
370,no_throw_clip_1592
371,no_throw_clip_1593
372,no_throw_clip_1594
373,no_throw_clip_1595
374,no_throw_clip_1596
375,no_throw_clip_1598
376,no_throw_clip_1599
377,no_throw_clip_16
378,no_throw_clip_160
379,no_throw_clip_1600
380,no_throw_clip_1601
381,no_throw_clip_1602
382,no_throw_clip_1604
383,no_throw_clip_1605
384,no_throw_clip_1606
385,no_throw_clip_1607
386,no_throw_clip_1609
387,no_throw_clip_161
388,no_throw_clip_1610
389,no_throw_clip_1611
390,no_throw_clip_1613
391,no_throw_clip_1614
392,no_throw_clip_1615
393,no_throw_clip_1616
394,no_throw_clip_1618
395,no_throw_clip_1619
396,no_throw_clip_162
397,no_throw_clip_1621
398,no_throw_clip_1622
399,no_throw_clip_1628
400,no_throw_clip_1629
401,no_throw_clip_1630
402,no_throw_clip_1631
403,no_throw_clip_1632
404,no_throw_clip_1633
405,no_throw_clip_1635
406,no_throw_clip_1636
407,no_throw_clip_1639
408,no_throw_clip_1641
409,no_throw_clip_1642
410,no_throw_clip_1643
411,no_throw_clip_1644
412,no_throw_clip_1645
413,no_throw_clip_1646
414,no_throw_clip_1647
415,no_throw_clip_1648
416,no_throw_clip_1649
417,no_throw_clip_1650
418,no_throw_clip_1654
419,no_throw_clip_1655
420,no_throw_clip_1656
421,no_throw_clip_1657
422,no_throw_clip_1658
423,no_throw_clip_1659
424,no_throw_clip_1660
425,no_throw_clip_1661
426,no_throw_clip_1662
427,no_throw_clip_1663
428,no_throw_clip_1664
429,no_throw_clip_1665
430,no_throw_clip_1667
431,no_throw_clip_1668
432,no_throw_clip_1669
433,no_throw_clip_1670
434,no_throw_clip_1671
435,no_throw_clip_1673
436,no_throw_clip_1674
437,no_throw_clip_1675
438,no_throw_clip_1676
439,no_throw_clip_1677
440,no_throw_clip_1678
441,no_throw_clip_1679
442,no_throw_clip_168
443,no_throw_clip_1680
444,no_throw_clip_1682
445,no_throw_clip_1683
446,no_throw_clip_1684
447,no_throw_clip_1686
448,no_throw_clip_1687
449,no_throw_clip_1688
450,no_throw_clip_169
451,no_throw_clip_1693
452,no_throw_clip_1694
453,no_throw_clip_1695
454,no_throw_clip_1696
455,no_throw_clip_17
456,no_throw_clip_1702
457,no_throw_clip_1703
458,no_throw_clip_1704
459,no_throw_clip_1706
460,no_throw_clip_1707
461,no_throw_clip_1713
462,no_throw_clip_1715
463,no_throw_clip_1716
464,no_throw_clip_1717
465,no_throw_clip_1718
466,no_throw_clip_172
467,no_throw_clip_1720
468,no_throw_clip_1721
469,no_throw_clip_1722
470,no_throw_clip_1729
471,no_throw_clip_173
472,no_throw_clip_1730
473,no_throw_clip_1733
474,no_throw_clip_1734
475,no_throw_clip_1735
476,no_throw_clip_1738
477,no_throw_clip_1739
478,no_throw_clip_174
479,no_throw_clip_1743
480,no_throw_clip_1744
481,no_throw_clip_175
482,no_throw_clip_1757
483,no_throw_clip_1758
484,no_throw_clip_1759
485,no_throw_clip_176
486,no_throw_clip_1760
487,no_throw_clip_1761
488,no_throw_clip_177
489,no_throw_clip_1770
490,no_throw_clip_1773
491,no_throw_clip_1778
492,no_throw_clip_1781
493,no_throw_clip_1783
494,no_throw_clip_1785
495,no_throw_clip_1789
496,no_throw_clip_179
497,no_throw_clip_1790
498,no_throw_clip_1791
499,no_throw_clip_1792
500,no_throw_clip_1793
501,no_throw_clip_1794
502,no_throw_clip_1795
503,no_throw_clip_1796
504,no_throw_clip_1797
505,no_throw_clip_18
506,no_throw_clip_1800
507,no_throw_clip_1803
508,no_throw_clip_1805
509,no_throw_clip_1806
510,no_throw_clip_1808
511,no_throw_clip_1809
512,no_throw_clip_1810
513,no_throw_clip_1811
514,no_throw_clip_1812
515,no_throw_clip_1813
516,no_throw_clip_1814
517,no_throw_clip_1817
518,no_throw_clip_1818
519,no_throw_clip_182
520,no_throw_clip_1820
521,no_throw_clip_1823
522,no_throw_clip_1824
523,no_throw_clip_183
524,no_throw_clip_1833
525,no_throw_clip_1834
526,no_throw_clip_1836
527,no_throw_clip_184
528,no_throw_clip_1840
529,no_throw_clip_1843
530,no_throw_clip_1844
531,no_throw_clip_1849
532,no_throw_clip_1850
533,no_throw_clip_1851
534,no_throw_clip_1854
535,no_throw_clip_1856
536,no_throw_clip_1857
537,no_throw_clip_1858
538,no_throw_clip_1859
539,no_throw_clip_1861
540,no_throw_clip_1862
541,no_throw_clip_1863
542,no_throw_clip_1864
543,no_throw_clip_1865
544,no_throw_clip_1866
545,no_throw_clip_1867
546,no_throw_clip_187
547,no_throw_clip_1871
548,no_throw_clip_1872
549,no_throw_clip_1873
550,no_throw_clip_1879
551,no_throw_clip_188
552,no_throw_clip_1885
553,no_throw_clip_1886
554,no_throw_clip_1888
555,no_throw_clip_1889
556,no_throw_clip_189
557,no_throw_clip_1890
558,no_throw_clip_1898
559,no_throw_clip_1899
560,no_throw_clip_19
561,no_throw_clip_190
562,no_throw_clip_1901
563,no_throw_clip_1902
564,no_throw_clip_1903
565,no_throw_clip_1904
566,no_throw_clip_1905
567,no_throw_clip_1906
568,no_throw_clip_1907
569,no_throw_clip_1908
570,no_throw_clip_1909
571,no_throw_clip_191
572,no_throw_clip_1913
573,no_throw_clip_1915
574,no_throw_clip_1916
575,no_throw_clip_1917
576,no_throw_clip_1918
577,no_throw_clip_1919
578,no_throw_clip_192
579,no_throw_clip_1920
580,no_throw_clip_1921
581,no_throw_clip_1924
582,no_throw_clip_193
583,no_throw_clip_1931
584,no_throw_clip_1936
585,no_throw_clip_1937
586,no_throw_clip_1938
587,no_throw_clip_1939
588,no_throw_clip_194
589,no_throw_clip_1940
590,no_throw_clip_1941
591,no_throw_clip_1942
592,no_throw_clip_1943
593,no_throw_clip_1945
594,no_throw_clip_1946
595,no_throw_clip_1948
596,no_throw_clip_1949
597,no_throw_clip_195
598,no_throw_clip_1950
599,no_throw_clip_1955
600,no_throw_clip_1960
601,no_throw_clip_1961
602,no_throw_clip_1963
603,no_throw_clip_1964
604,no_throw_clip_1965
605,no_throw_clip_1968
606,no_throw_clip_197
607,no_throw_clip_1972
608,no_throw_clip_1973
609,no_throw_clip_1975
610,no_throw_clip_1976
611,no_throw_clip_1977
612,no_throw_clip_1978
613,no_throw_clip_198
614,no_throw_clip_1981
615,no_throw_clip_1982
616,no_throw_clip_1984
617,no_throw_clip_1985
618,no_throw_clip_1986
619,no_throw_clip_1987
620,no_throw_clip_1988
621,no_throw_clip_1989
622,no_throw_clip_1990
623,no_throw_clip_1994
624,no_throw_clip_1995
625,no_throw_clip_1996
626,no_throw_clip_1998
627,no_throw_clip_1999
628,no_throw_clip_2
629,no_throw_clip_2002
630,no_throw_clip_2004
631,no_throw_clip_2005
632,no_throw_clip_2008
633,no_throw_clip_2009
634,no_throw_clip_201
635,no_throw_clip_2013
636,no_throw_clip_2015
637,no_throw_clip_2016
638,no_throw_clip_2017
639,no_throw_clip_2018
640,no_throw_clip_2019
641,no_throw_clip_202
642,no_throw_clip_2020
643,no_throw_clip_2023
644,no_throw_clip_2024
645,no_throw_clip_2027
646,no_throw_clip_2028
647,no_throw_clip_2029
648,no_throw_clip_203
649,no_throw_clip_2032
650,no_throw_clip_2037
651,no_throw_clip_2038
652,no_throw_clip_2039
653,no_throw_clip_2040
654,no_throw_clip_2042
655,no_throw_clip_2044
656,no_throw_clip_2045
657,no_throw_clip_2046
658,no_throw_clip_205
659,no_throw_clip_2050
660,no_throw_clip_2051
661,no_throw_clip_2052
662,no_throw_clip_2053
663,no_throw_clip_2054
664,no_throw_clip_2055
665,no_throw_clip_2056
666,no_throw_clip_2058
667,no_throw_clip_206
668,no_throw_clip_2061
669,no_throw_clip_2063
670,no_throw_clip_2064
671,no_throw_clip_2065
672,no_throw_clip_2066
673,no_throw_clip_207
674,no_throw_clip_2070
675,no_throw_clip_2071
676,no_throw_clip_2072
677,no_throw_clip_2074
678,no_throw_clip_2075
679,no_throw_clip_2076
680,no_throw_clip_2078
681,no_throw_clip_2081
682,no_throw_clip_2085
683,no_throw_clip_2086
684,no_throw_clip_2087
685,no_throw_clip_2088
686,no_throw_clip_2092
687,no_throw_clip_2093
688,no_throw_clip_2094
689,no_throw_clip_2096
690,no_throw_clip_2099
691,no_throw_clip_21
692,no_throw_clip_2105
693,no_throw_clip_2106
694,no_throw_clip_2108
695,no_throw_clip_2111
696,no_throw_clip_2112
697,no_throw_clip_2113
698,no_throw_clip_2114
699,no_throw_clip_2115
700,no_throw_clip_2116
701,no_throw_clip_2117
702,no_throw_clip_2118
703,no_throw_clip_2119
704,no_throw_clip_212
705,no_throw_clip_2122
706,no_throw_clip_2123
707,no_throw_clip_2124
708,no_throw_clip_2126
709,no_throw_clip_2127
710,no_throw_clip_2129
711,no_throw_clip_2130
712,no_throw_clip_2131
713,no_throw_clip_2136
714,no_throw_clip_2137
715,no_throw_clip_214
716,no_throw_clip_2141
717,no_throw_clip_2148
718,no_throw_clip_215
719,no_throw_clip_2153
720,no_throw_clip_2154
721,no_throw_clip_2158
722,no_throw_clip_2159
723,no_throw_clip_216
724,no_throw_clip_2160
725,no_throw_clip_2162
726,no_throw_clip_2163
727,no_throw_clip_2164
728,no_throw_clip_2168
729,no_throw_clip_2171
730,no_throw_clip_2172
731,no_throw_clip_2173
732,no_throw_clip_2175
733,no_throw_clip_2176
734,no_throw_clip_218
735,no_throw_clip_2180
736,no_throw_clip_2186
737,no_throw_clip_2187
738,no_throw_clip_2188
739,no_throw_clip_219
740,no_throw_clip_2190
741,no_throw_clip_2194
742,no_throw_clip_2196
743,no_throw_clip_2197
744,no_throw_clip_2199
745,no_throw_clip_22
746,no_throw_clip_220
747,no_throw_clip_2200
748,no_throw_clip_2202
749,no_throw_clip_2204
750,no_throw_clip_2205
751,no_throw_clip_2207
752,no_throw_clip_2208
753,no_throw_clip_2209
754,no_throw_clip_2210
755,no_throw_clip_2211
756,no_throw_clip_2212
757,no_throw_clip_2213
758,no_throw_clip_2214
759,no_throw_clip_2215
760,no_throw_clip_2217
761,no_throw_clip_2218
762,no_throw_clip_2219
763,no_throw_clip_2220
764,no_throw_clip_2221
765,no_throw_clip_2224
766,no_throw_clip_2229
767,no_throw_clip_223
768,no_throw_clip_2230
769,no_throw_clip_2231
770,no_throw_clip_2232
771,no_throw_clip_2234
772,no_throw_clip_2237
773,no_throw_clip_2239
774,no_throw_clip_2240
775,no_throw_clip_2241
776,no_throw_clip_2252
777,no_throw_clip_2253
778,no_throw_clip_2254
779,no_throw_clip_2255
780,no_throw_clip_2256
781,no_throw_clip_2257
782,no_throw_clip_2258
783,no_throw_clip_226
784,no_throw_clip_2261
785,no_throw_clip_2263
786,no_throw_clip_2266
787,no_throw_clip_2268
788,no_throw_clip_2269
789,no_throw_clip_2276
790,no_throw_clip_2277
791,no_throw_clip_2279
792,no_throw_clip_2280
793,no_throw_clip_2281
794,no_throw_clip_2282
795,no_throw_clip_2283
796,no_throw_clip_2285
797,no_throw_clip_2286
798,no_throw_clip_2287
799,no_throw_clip_2288
800,no_throw_clip_2289
801,no_throw_clip_2290
802,no_throw_clip_2291
803,no_throw_clip_2292
804,no_throw_clip_2293
805,no_throw_clip_2294
806,no_throw_clip_2296
807,no_throw_clip_2297
808,no_throw_clip_2298
809,no_throw_clip_2299
810,no_throw_clip_23
811,no_throw_clip_2300
812,no_throw_clip_2301
813,no_throw_clip_2302
814,no_throw_clip_2303
815,no_throw_clip_2304
816,no_throw_clip_2305
817,no_throw_clip_2306
818,no_throw_clip_2307
819,no_throw_clip_2308
820,no_throw_clip_2309
821,no_throw_clip_2311
822,no_throw_clip_2313
823,no_throw_clip_232
824,no_throw_clip_2321
825,no_throw_clip_2322
826,no_throw_clip_2323
827,no_throw_clip_2326
828,no_throw_clip_2327
829,no_throw_clip_2328
830,no_throw_clip_2329
831,no_throw_clip_2331
832,no_throw_clip_2332
833,no_throw_clip_2333
834,no_throw_clip_2334
835,no_throw_clip_2336
836,no_throw_clip_2337
837,no_throw_clip_2339
838,no_throw_clip_2340
839,no_throw_clip_2342
840,no_throw_clip_2343
841,no_throw_clip_2344
842,no_throw_clip_2349
843,no_throw_clip_2350
844,no_throw_clip_2351
845,no_throw_clip_2352
846,no_throw_clip_2353
847,no_throw_clip_2354
848,no_throw_clip_2357
849,no_throw_clip_2360
850,no_throw_clip_2361
851,no_throw_clip_2362
852,no_throw_clip_2363
853,no_throw_clip_2367
854,no_throw_clip_2372
855,no_throw_clip_2373
856,no_throw_clip_2374
857,no_throw_clip_2376
858,no_throw_clip_2378
859,no_throw_clip_238
860,no_throw_clip_2380
861,no_throw_clip_2384
862,no_throw_clip_2385
863,no_throw_clip_2386
864,no_throw_clip_2387
865,no_throw_clip_239
866,no_throw_clip_2399
867,no_throw_clip_2400
868,no_throw_clip_2402
869,no_throw_clip_2404
870,no_throw_clip_2405
871,no_throw_clip_2406
872,no_throw_clip_2407
873,no_throw_clip_2409
874,no_throw_clip_241
875,no_throw_clip_2411
876,no_throw_clip_2413
877,no_throw_clip_2414
878,no_throw_clip_2415
879,no_throw_clip_2416
880,no_throw_clip_2417
881,no_throw_clip_242
882,no_throw_clip_2420
883,no_throw_clip_2421
884,no_throw_clip_2422
885,no_throw_clip_2424
886,no_throw_clip_2429
887,no_throw_clip_2430
888,no_throw_clip_2431
889,no_throw_clip_2432
890,no_throw_clip_2434
891,no_throw_clip_2435
892,no_throw_clip_2438
893,no_throw_clip_2439
894,no_throw_clip_244
895,no_throw_clip_2442
896,no_throw_clip_2445
897,no_throw_clip_2449
898,no_throw_clip_2450
899,no_throw_clip_2451
900,no_throw_clip_2459
901,no_throw_clip_2464
902,no_throw_clip_2468
903,no_throw_clip_2469
904,no_throw_clip_247
905,no_throw_clip_2474
906,no_throw_clip_248
907,no_throw_clip_2480
908,no_throw_clip_2481
909,no_throw_clip_2486
910,no_throw_clip_2488
911,no_throw_clip_249
912,no_throw_clip_2495
913,no_throw_clip_2496
914,no_throw_clip_2499
915,no_throw_clip_254
916,no_throw_clip_255
917,no_throw_clip_256
918,no_throw_clip_257
919,no_throw_clip_26
920,no_throw_clip_260
921,no_throw_clip_265
922,no_throw_clip_266
923,no_throw_clip_268
924,no_throw_clip_279
925,no_throw_clip_280
926,no_throw_clip_281
927,no_throw_clip_284
928,no_throw_clip_285
929,no_throw_clip_286
930,no_throw_clip_288
931,no_throw_clip_29
932,no_throw_clip_290
933,no_throw_clip_292
934,no_throw_clip_296
935,no_throw_clip_297
936,no_throw_clip_298
937,no_throw_clip_3
938,no_throw_clip_301
939,no_throw_clip_303
940,no_throw_clip_305
941,no_throw_clip_308
942,no_throw_clip_309
943,no_throw_clip_31
944,no_throw_clip_32
945,no_throw_clip_322
946,no_throw_clip_323
947,no_throw_clip_324
948,no_throw_clip_325
949,no_throw_clip_327
950,no_throw_clip_328
951,no_throw_clip_33
952,no_throw_clip_331
953,no_throw_clip_332
954,no_throw_clip_335
955,no_throw_clip_336
956,no_throw_clip_340
957,no_throw_clip_341
958,no_throw_clip_342
959,no_throw_clip_344
960,no_throw_clip_346
961,no_throw_clip_347
962,no_throw_clip_350
963,no_throw_clip_352
964,no_throw_clip_353
965,no_throw_clip_36
966,no_throw_clip_361
967,no_throw_clip_362
968,no_throw_clip_363
969,no_throw_clip_365
970,no_throw_clip_366
971,no_throw_clip_367
972,no_throw_clip_368
973,no_throw_clip_369
974,no_throw_clip_371
975,no_throw_clip_384
976,no_throw_clip_385
977,no_throw_clip_386
978,no_throw_clip_387
979,no_throw_clip_388
980,no_throw_clip_391
981,no_throw_clip_392
982,no_throw_clip_393
983,no_throw_clip_394
984,no_throw_clip_398
985,no_throw_clip_4
986,no_throw_clip_400
987,no_throw_clip_401
988,no_throw_clip_402
989,no_throw_clip_407
990,no_throw_clip_41
991,no_throw_clip_414
992,no_throw_clip_415
993,no_throw_clip_416
994,no_throw_clip_418
995,no_throw_clip_419
996,no_throw_clip_42
997,no_throw_clip_425
998,no_throw_clip_427
999,no_throw_clip_43
1000,no_throw_clip_432
1001,no_throw_clip_44
1002,no_throw_clip_442
1003,no_throw_clip_443
1004,no_throw_clip_447
1005,no_throw_clip_448
1006,no_throw_clip_449
1007,no_throw_clip_453
1008,no_throw_clip_454
1009,no_throw_clip_455
1010,no_throw_clip_456
1011,no_throw_clip_459
1012,no_throw_clip_46
1013,no_throw_clip_460
1014,no_throw_clip_461
1015,no_throw_clip_465
1016,no_throw_clip_471
1017,no_throw_clip_475
1018,no_throw_clip_476
1019,no_throw_clip_477
1020,no_throw_clip_483
1021,no_throw_clip_485
1022,no_throw_clip_486
1023,no_throw_clip_487
1024,no_throw_clip_489
1025,no_throw_clip_49
1026,no_throw_clip_491
1027,no_throw_clip_493
1028,no_throw_clip_495
1029,no_throw_clip_496
1030,no_throw_clip_497
1031,no_throw_clip_499
1032,no_throw_clip_50
1033,no_throw_clip_502
1034,no_throw_clip_503
1035,no_throw_clip_504
1036,no_throw_clip_505
1037,no_throw_clip_506
1038,no_throw_clip_507
1039,no_throw_clip_509
1040,no_throw_clip_51
1041,no_throw_clip_510
1042,no_throw_clip_511
1043,no_throw_clip_512
1044,no_throw_clip_513
1045,no_throw_clip_516
1046,no_throw_clip_517
1047,no_throw_clip_519
1048,no_throw_clip_520
1049,no_throw_clip_521
1050,no_throw_clip_522
1051,no_throw_clip_523
1052,no_throw_clip_524
1053,no_throw_clip_525
1054,no_throw_clip_526
1055,no_throw_clip_528
1056,no_throw_clip_53
1057,no_throw_clip_532
1058,no_throw_clip_533
1059,no_throw_clip_534
1060,no_throw_clip_536
1061,no_throw_clip_537
1062,no_throw_clip_539
1063,no_throw_clip_54
1064,no_throw_clip_544
1065,no_throw_clip_545
1066,no_throw_clip_547
1067,no_throw_clip_549
1068,no_throw_clip_550
1069,no_throw_clip_551
1070,no_throw_clip_552
1071,no_throw_clip_553
1072,no_throw_clip_554
1073,no_throw_clip_555
1074,no_throw_clip_556
1075,no_throw_clip_557
1076,no_throw_clip_558
1077,no_throw_clip_559
1078,no_throw_clip_560
1079,no_throw_clip_561
1080,no_throw_clip_562
1081,no_throw_clip_563
1082,no_throw_clip_565
1083,no_throw_clip_566
1084,no_throw_clip_567
1085,no_throw_clip_568
1086,no_throw_clip_569
1087,no_throw_clip_570
1088,no_throw_clip_571
1089,no_throw_clip_572
1090,no_throw_clip_573
1091,no_throw_clip_574
1092,no_throw_clip_579
1093,no_throw_clip_581
1094,no_throw_clip_582
1095,no_throw_clip_584
1096,no_throw_clip_585
1097,no_throw_clip_586
1098,no_throw_clip_587
1099,no_throw_clip_588
1100,no_throw_clip_589
1101,no_throw_clip_59
1102,no_throw_clip_590
1103,no_throw_clip_591
1104,no_throw_clip_592
1105,no_throw_clip_594
1106,no_throw_clip_595
1107,no_throw_clip_596
1108,no_throw_clip_597
1109,no_throw_clip_599
1110,no_throw_clip_6
1111,no_throw_clip_600
1112,no_throw_clip_602
1113,no_throw_clip_603
1114,no_throw_clip_604
1115,no_throw_clip_605
1116,no_throw_clip_606
1117,no_throw_clip_607
1118,no_throw_clip_610
1119,no_throw_clip_611
1120,no_throw_clip_612
1121,no_throw_clip_613
1122,no_throw_clip_614
1123,no_throw_clip_615
1124,no_throw_clip_616
1125,no_throw_clip_617
1126,no_throw_clip_618
1127,no_throw_clip_619
1128,no_throw_clip_62
1129,no_throw_clip_620
1130,no_throw_clip_621
1131,no_throw_clip_622
1132,no_throw_clip_623
1133,no_throw_clip_624
1134,no_throw_clip_625
1135,no_throw_clip_626
1136,no_throw_clip_627
1137,no_throw_clip_628
1138,no_throw_clip_629
1139,no_throw_clip_630
1140,no_throw_clip_631
1141,no_throw_clip_632
1142,no_throw_clip_633
1143,no_throw_clip_634
1144,no_throw_clip_636
1145,no_throw_clip_637
1146,no_throw_clip_638
1147,no_throw_clip_639
1148,no_throw_clip_641
1149,no_throw_clip_642
1150,no_throw_clip_643
1151,no_throw_clip_644
1152,no_throw_clip_645
1153,no_throw_clip_648
1154,no_throw_clip_649
1155,no_throw_clip_650
1156,no_throw_clip_651
1157,no_throw_clip_657
1158,no_throw_clip_659
1159,no_throw_clip_660
1160,no_throw_clip_663
1161,no_throw_clip_664
1162,no_throw_clip_665
1163,no_throw_clip_666
1164,no_throw_clip_668
1165,no_throw_clip_669
1166,no_throw_clip_673
1167,no_throw_clip_674
1168,no_throw_clip_675
1169,no_throw_clip_676
1170,no_throw_clip_677
1171,no_throw_clip_678
1172,no_throw_clip_679
1173,no_throw_clip_680
1174,no_throw_clip_681
1175,no_throw_clip_685
1176,no_throw_clip_686
1177,no_throw_clip_691
1178,no_throw_clip_699
1179,no_throw_clip_7
1180,no_throw_clip_700
1181,no_throw_clip_702
1182,no_throw_clip_704
1183,no_throw_clip_707
1184,no_throw_clip_710
1185,no_throw_clip_711
1186,no_throw_clip_716
1187,no_throw_clip_717
1188,no_throw_clip_718
1189,no_throw_clip_720
1190,no_throw_clip_721
1191,no_throw_clip_722
1192,no_throw_clip_723
1193,no_throw_clip_725
1194,no_throw_clip_726
1195,no_throw_clip_727
1196,no_throw_clip_728
1197,no_throw_clip_729
1198,no_throw_clip_731
1199,no_throw_clip_732
1200,no_throw_clip_733
1201,no_throw_clip_735
1202,no_throw_clip_737
1203,no_throw_clip_739
1204,no_throw_clip_740
1205,no_throw_clip_743
1206,no_throw_clip_745
1207,no_throw_clip_746
1208,no_throw_clip_747
1209,no_throw_clip_748
1210,no_throw_clip_750
1211,no_throw_clip_751
1212,no_throw_clip_754
1213,no_throw_clip_756
1214,no_throw_clip_757
1215,no_throw_clip_758
1216,no_throw_clip_759
1217,no_throw_clip_76
1218,no_throw_clip_760
1219,no_throw_clip_761
1220,no_throw_clip_762
1221,no_throw_clip_763
1222,no_throw_clip_769
1223,no_throw_clip_776
1224,no_throw_clip_777
1225,no_throw_clip_778
1226,no_throw_clip_779
1227,no_throw_clip_78
1228,no_throw_clip_780
1229,no_throw_clip_781
1230,no_throw_clip_782
1231,no_throw_clip_786
1232,no_throw_clip_787
1233,no_throw_clip_788
1234,no_throw_clip_789
1235,no_throw_clip_79
1236,no_throw_clip_790
1237,no_throw_clip_791
1238,no_throw_clip_792
1239,no_throw_clip_793
1240,no_throw_clip_794
1241,no_throw_clip_795
1242,no_throw_clip_796
1243,no_throw_clip_797
1244,no_throw_clip_798
1245,no_throw_clip_799
1246,no_throw_clip_8
1247,no_throw_clip_80
1248,no_throw_clip_800
1249,no_throw_clip_801
1250,no_throw_clip_802
1251,no_throw_clip_803
1252,no_throw_clip_804
1253,no_throw_clip_805
1254,no_throw_clip_808
1255,no_throw_clip_81
1256,no_throw_clip_810
1257,no_throw_clip_82
1258,no_throw_clip_822
1259,no_throw_clip_829
1260,no_throw_clip_83
1261,no_throw_clip_830
1262,no_throw_clip_834
1263,no_throw_clip_835
1264,no_throw_clip_836
1265,no_throw_clip_841
1266,no_throw_clip_842
1267,no_throw_clip_843
1268,no_throw_clip_844
1269,no_throw_clip_845
1270,no_throw_clip_846
1271,no_throw_clip_847
1272,no_throw_clip_848
1273,no_throw_clip_849
1274,no_throw_clip_85
1275,no_throw_clip_850
1276,no_throw_clip_851
1277,no_throw_clip_852
1278,no_throw_clip_853
1279,no_throw_clip_854
1280,no_throw_clip_855
1281,no_throw_clip_856
1282,no_throw_clip_857
1283,no_throw_clip_858
1284,no_throw_clip_859
1285,no_throw_clip_86
1286,no_throw_clip_860
1287,no_throw_clip_861
1288,no_throw_clip_862
1289,no_throw_clip_863
1290,no_throw_clip_864
1291,no_throw_clip_865
1292,no_throw_clip_866
1293,no_throw_clip_867
1294,no_throw_clip_868
1295,no_throw_clip_869
1296,no_throw_clip_870
1297,no_throw_clip_871
1298,no_throw_clip_872
1299,no_throw_clip_873
1300,no_throw_clip_874
1301,no_throw_clip_875
1302,no_throw_clip_876
1303,no_throw_clip_879
1304,no_throw_clip_88
1305,no_throw_clip_881
1306,no_throw_clip_883
1307,no_throw_clip_886
1308,no_throw_clip_887
1309,no_throw_clip_89
1310,no_throw_clip_891
1311,no_throw_clip_893
1312,no_throw_clip_894
1313,no_throw_clip_895
1314,no_throw_clip_896
1315,no_throw_clip_897
1316,no_throw_clip_898
1317,no_throw_clip_899
1318,no_throw_clip_9
1319,no_throw_clip_90
1320,no_throw_clip_902
1321,no_throw_clip_903
1322,no_throw_clip_904
1323,no_throw_clip_905
1324,no_throw_clip_907
1325,no_throw_clip_908
1326,no_throw_clip_909
1327,no_throw_clip_91
1328,no_throw_clip_910
1329,no_throw_clip_911
1330,no_throw_clip_912
1331,no_throw_clip_914
1332,no_throw_clip_915
1333,no_throw_clip_917
1334,no_throw_clip_918
1335,no_throw_clip_919
1336,no_throw_clip_92
1337,no_throw_clip_922
1338,no_throw_clip_923
1339,no_throw_clip_926
1340,no_throw_clip_927
1341,no_throw_clip_93
1342,no_throw_clip_930
1343,no_throw_clip_931
1344,no_throw_clip_932
1345,no_throw_clip_934
1346,no_throw_clip_935
1347,no_throw_clip_938
1348,no_throw_clip_939
1349,no_throw_clip_94
1350,no_throw_clip_940
1351,no_throw_clip_943
1352,no_throw_clip_944
1353,no_throw_clip_947
1354,no_throw_clip_948
1355,no_throw_clip_949
1356,no_throw_clip_950
1357,no_throw_clip_951
1358,no_throw_clip_952
1359,no_throw_clip_955
1360,no_throw_clip_959
1361,no_throw_clip_96
1362,no_throw_clip_960
1363,no_throw_clip_961
1364,no_throw_clip_962
1365,no_throw_clip_963
1366,no_throw_clip_965
1367,no_throw_clip_968
1368,no_throw_clip_97
1369,no_throw_clip_970
1370,no_throw_clip_973
1371,no_throw_clip_974
1372,no_throw_clip_975
1373,no_throw_clip_976
1374,no_throw_clip_978
1375,no_throw_clip_979
1376,no_throw_clip_98
1377,no_throw_clip_980
1378,no_throw_clip_981
1379,no_throw_clip_982
1380,no_throw_clip_985
1381,no_throw_clip_986
1382,no_throw_clip_987
1383,no_throw_clip_988
1384,no_throw_clip_989
1385,no_throw_clip_99
1386,no_throw_clip_991
1387,no_throw_clip_992
1388,no_throw_clip_996
1389,no_throw_clip_998
1390,attempt_id1
1391,attempt_id10
1392,attempt_id102
1393,attempt_id104
1394,attempt_id105
1395,attempt_id106
1396,attempt_id107
1397,attempt_id108
1398,attempt_id109
1399,attempt_id110
1400,attempt_id111
1401,attempt_id113
1402,attempt_id114
1403,attempt_id115
1404,attempt_id116
1405,attempt_id117
1406,attempt_id118
1407,attempt_id119
1408,attempt_id12
1409,attempt_id120
1410,attempt_id121
1411,attempt_id122
1412,attempt_id123
1413,attempt_id124
1414,attempt_id125
1415,attempt_id126
1416,attempt_id127
1417,attempt_id128
1418,attempt_id129
1419,attempt_id13
1420,attempt_id130
1421,attempt_id131
1422,attempt_id132
1423,attempt_id133
1424,attempt_id134
1425,attempt_id135
1426,attempt_id136
1427,attempt_id137
1428,attempt_id138
1429,attempt_id139
1430,attempt_id14
1431,attempt_id140
1432,attempt_id142
1433,attempt_id143
1434,attempt_id144
1435,attempt_id15
1436,attempt_id155
1437,attempt_id16
1438,attempt_id166
1439,attempt_id17
1440,attempt_id177
1441,attempt_id178
1442,attempt_id179
1443,attempt_id18
1444,attempt_id181
1445,attempt_id182
1446,attempt_id183
1447,attempt_id184
1448,attempt_id185
1449,attempt_id186
1450,attempt_id187
1451,attempt_id188
1452,attempt_id189
1453,attempt_id19
1454,attempt_id190
1455,attempt_id191
1456,attempt_id192
1457,attempt_id194
1458,attempt_id195
1459,attempt_id196
1460,attempt_id197
1461,attempt_id198
1462,attempt_id199
1463,attempt_id2
1464,attempt_id20
1465,attempt_id200
1466,attempt_id201
1467,attempt_id202
1468,attempt_id205
1469,attempt_id207
1470,attempt_id208
1471,attempt_id209
1472,attempt_id21
1473,attempt_id210
1474,attempt_id211
1475,attempt_id214
1476,attempt_id215
1477,attempt_id217
1478,attempt_id218
1479,attempt_id219
1480,attempt_id22
1481,attempt_id220
1482,attempt_id221
1483,attempt_id222
1484,attempt_id223
1485,attempt_id224
1486,attempt_id225
1487,attempt_id228
1488,attempt_id229
1489,attempt_id23
1490,attempt_id230
1491,attempt_id231
1492,attempt_id232
1493,attempt_id233
1494,attempt_id234
1495,attempt_id235
1496,attempt_id236
1497,attempt_id237
1498,attempt_id238
1499,attempt_id239
1500,attempt_id24
1501,attempt_id240
1502,attempt_id241
1503,attempt_id242
1504,attempt_id247
1505,attempt_id248
1506,attempt_id249
1507,attempt_id25
1508,attempt_id250
1509,attempt_id251
1510,attempt_id252
1511,attempt_id253
1512,attempt_id254
1513,attempt_id255
1514,attempt_id256
1515,attempt_id257
1516,attempt_id258
1517,attempt_id259
1518,attempt_id26
1519,attempt_id260
1520,attempt_id261
1521,attempt_id262
1522,attempt_id263
1523,attempt_id264
1524,attempt_id265
1525,attempt_id266
1526,attempt_id267
1527,attempt_id268
1528,attempt_id27
1529,attempt_id272
1530,attempt_id273
1531,attempt_id274
1532,attempt_id275
1533,attempt_id276
1534,attempt_id277
1535,attempt_id28
1536,attempt_id288
1537,attempt_id289
1538,attempt_id29
1539,attempt_id290
1540,attempt_id291
1541,attempt_id293
1542,attempt_id294
1543,attempt_id295
1544,attempt_id296
1545,attempt_id297
1546,attempt_id298
1547,attempt_id299
1548,attempt_id3
1549,attempt_id30
1550,attempt_id300
1551,attempt_id301
1552,attempt_id302
1553,attempt_id303
1554,attempt_id304
1555,attempt_id305
1556,attempt_id306
1557,attempt_id307
1558,attempt_id308
1559,attempt_id309
1560,attempt_id31
1561,attempt_id310
1562,attempt_id311
1563,attempt_id312
1564,attempt_id313
1565,attempt_id314
1566,attempt_id315
1567,attempt_id316
1568,attempt_id317
1569,attempt_id319
1570,attempt_id32
1571,attempt_id320
1572,attempt_id321
1573,attempt_id322
1574,attempt_id33
1575,attempt_id333
1576,attempt_id334
1577,attempt_id336
1578,attempt_id337
1579,attempt_id338
1580,attempt_id339
1581,attempt_id34
1582,attempt_id341
1583,attempt_id342
1584,attempt_id343
1585,attempt_id344
1586,attempt_id345
1587,attempt_id346
1588,attempt_id347
1589,attempt_id349
1590,attempt_id35
1591,attempt_id350
1592,attempt_id351
1593,attempt_id352
1594,attempt_id353
1595,attempt_id354
1596,attempt_id355
1597,attempt_id36
1598,attempt_id366
1599,attempt_id367
1600,attempt_id368
1601,attempt_id369
1602,attempt_id37
1603,attempt_id370
1604,attempt_id372
1605,attempt_id373
1606,attempt_id374
1607,attempt_id375
1608,attempt_id376
1609,attempt_id377
1610,attempt_id378
1611,attempt_id379
1612,attempt_id38
1613,attempt_id380
1614,attempt_id381
1615,attempt_id382
1616,attempt_id385
1617,attempt_id386
1618,attempt_id387
1619,attempt_id388
1620,attempt_id390
1621,attempt_id391
1622,attempt_id392
1623,attempt_id393
1624,attempt_id394
1625,attempt_id395
1626,attempt_id396
1627,attempt_id397
1628,attempt_id398
1629,attempt_id399
1630,attempt_id4
1631,attempt_id40
1632,attempt_id400
1633,attempt_id401
1634,attempt_id402
1635,attempt_id403
1636,attempt_id404
1637,attempt_id405
1638,attempt_id407
1639,attempt_id408
1640,attempt_id409
1641,attempt_id411
1642,attempt_id412
1643,attempt_id413
1644,attempt_id414
1645,attempt_id415
1646,attempt_id417
1647,attempt_id418
1648,attempt_id419
1649,attempt_id42
1650,attempt_id420
1651,attempt_id421
1652,attempt_id422
1653,attempt_id423
1654,attempt_id424
1655,attempt_id425
1656,attempt_id428
1657,attempt_id429
1658,attempt_id43
1659,attempt_id430
1660,attempt_id431
1661,attempt_id432
1662,attempt_id433
1663,attempt_id434
1664,attempt_id435
1665,attempt_id437
1666,attempt_id438
1667,attempt_id439
1668,attempt_id441
1669,attempt_id443
1670,attempt_id444
1671,attempt_id445
1672,attempt_id447
1673,attempt_id448
1674,attempt_id449
1675,attempt_id45
1676,attempt_id451
1677,attempt_id455
1678,attempt_id456
1679,attempt_id457
1680,attempt_id458
1681,attempt_id459
1682,attempt_id460
1683,attempt_id461
1684,attempt_id464
1685,attempt_id465
1686,attempt_id47
1687,attempt_id470
1688,attempt_id471
1689,attempt_id472
1690,attempt_id473
1691,attempt_id474
1692,attempt_id477
1693,attempt_id478
1694,attempt_id48
1695,attempt_id480
1696,attempt_id483
1697,attempt_id484
1698,attempt_id485
1699,attempt_id486
1700,attempt_id487
1701,attempt_id49
1702,attempt_id490
1703,attempt_id492
1704,attempt_id493
1705,attempt_id494
1706,attempt_id495
1707,attempt_id496
1708,attempt_id498
1709,attempt_id499
1710,attempt_id5
1711,attempt_id500
1712,attempt_id501
1713,attempt_id502
1714,attempt_id503
1715,attempt_id504
1716,attempt_id505
1717,attempt_id507
1718,attempt_id508
1719,attempt_id509
1720,attempt_id510
1721,attempt_id512
1722,attempt_id514
1723,attempt_id516
1724,attempt_id517
1725,attempt_id518
1726,attempt_id52
1727,attempt_id520
1728,attempt_id521
1729,attempt_id524
1730,attempt_id525
1731,attempt_id526
1732,attempt_id527
1733,attempt_id528
1734,attempt_id529
1735,attempt_id53
1736,attempt_id530
1737,attempt_id532
1738,attempt_id535
1739,attempt_id537
1740,attempt_id538
1741,attempt_id539
1742,attempt_id54
1743,attempt_id540
1744,attempt_id541
1745,attempt_id546
1746,attempt_id547
1747,attempt_id549
1748,attempt_id55
1749,attempt_id550
1750,attempt_id551
1751,attempt_id552
1752,attempt_id553
1753,attempt_id554
1754,attempt_id555
1755,attempt_id556
1756,attempt_id557
1757,attempt_id558
1758,attempt_id559
1759,attempt_id56
1760,attempt_id560
1761,attempt_id561
1762,attempt_id562
1763,attempt_id563
1764,attempt_id565
1765,attempt_id566
1766,attempt_id567
1767,attempt_id568
1768,attempt_id569
1769,attempt_id57
1770,attempt_id570
1771,attempt_id571
1772,attempt_id572
1773,attempt_id573
1774,attempt_id574
1775,attempt_id575
1776,attempt_id576
1777,attempt_id577
1778,attempt_id578
1779,attempt_id579
1780,attempt_id58
1781,attempt_id581
1782,attempt_id582
1783,attempt_id583
1784,attempt_id584
1785,attempt_id585
1786,attempt_id586
1787,attempt_id587
1788,attempt_id588
1789,attempt_id589
1790,attempt_id59
1791,attempt_id590
1792,attempt_id591
1793,attempt_id592
1794,attempt_id593
1795,attempt_id595
1796,attempt_id596
1797,attempt_id597
1798,attempt_id598
1799,attempt_id6
1800,attempt_id60
1801,attempt_id600
1802,attempt_id601
1803,attempt_id602
1804,attempt_id604
1805,attempt_id605
1806,attempt_id606
1807,attempt_id607
1808,attempt_id608
1809,attempt_id609
1810,attempt_id61
1811,attempt_id610
1812,attempt_id612
1813,attempt_id614
1814,attempt_id618
1815,attempt_id620
1816,attempt_id623
1817,attempt_id624
1818,attempt_id625
1819,attempt_id626
1820,attempt_id627
1821,attempt_id628
1822,attempt_id629
1823,attempt_id63
1824,attempt_id630
1825,attempt_id632
1826,attempt_id633
1827,attempt_id634
1828,attempt_id635
1829,attempt_id636
1830,attempt_id637
1831,attempt_id638
1832,attempt_id639
1833,attempt_id640
1834,attempt_id641
1835,attempt_id643
1836,attempt_id644
1837,attempt_id645
1838,attempt_id646
1839,attempt_id647
1840,attempt_id648
1841,attempt_id649
1842,attempt_id65
1843,attempt_id650
1844,attempt_id651
1845,attempt_id652
1846,attempt_id653
1847,attempt_id654
1848,attempt_id655
1849,attempt_id656
1850,attempt_id657
1851,attempt_id658
1852,attempt_id659
1853,attempt_id66
1854,attempt_id660
1855,attempt_id661
1856,attempt_id663
1857,attempt_id664
1858,attempt_id665
1859,attempt_id666
1860,attempt_id668
1861,attempt_id669
1862,attempt_id67
1863,attempt_id671
1864,attempt_id672
1865,attempt_id673
1866,attempt_id674
1867,attempt_id675
1868,attempt_id677
1869,attempt_id678
1870,attempt_id679
1871,attempt_id68
1872,attempt_id680
1873,attempt_id681
1874,attempt_id682
1875,attempt_id683
1876,attempt_id684
1877,attempt_id685
1878,attempt_id686
1879,attempt_id688
1880,attempt_id69
1881,attempt_id690
1882,attempt_id691
1883,attempt_id692
1884,attempt_id693
1885,attempt_id694
1886,attempt_id695
1887,attempt_id696
1888,attempt_id7
1889,attempt_id70
1890,attempt_id700
1891,attempt_id701
1892,attempt_id702
1893,attempt_id703
1894,attempt_id705
1895,attempt_id708
1896,attempt_id709
1897,attempt_id71
1898,attempt_id711
1899,attempt_id712
1900,attempt_id713
1901,attempt_id714
1902,attempt_id715
1903,attempt_id716
1904,attempt_id717
1905,attempt_id718
1906,attempt_id719
1907,attempt_id72
1908,attempt_id720
1909,attempt_id722
1910,attempt_id723
1911,attempt_id724
1912,attempt_id725
1913,attempt_id726
1914,attempt_id728
1915,attempt_id729
1916,attempt_id73
1917,attempt_id730
1918,attempt_id731
1919,attempt_id732
1920,attempt_id733
1921,attempt_id734
1922,attempt_id735
1923,attempt_id736
1924,attempt_id738
1925,attempt_id739
1926,attempt_id740
1927,attempt_id741
1928,attempt_id742
1929,attempt_id743
1930,attempt_id744
1931,attempt_id745
1932,attempt_id746
1933,attempt_id747
1934,attempt_id748
1935,attempt_id749
1936,attempt_id75
1937,attempt_id750
1938,attempt_id751
1939,attempt_id752
1940,attempt_id753
1941,attempt_id754
1942,attempt_id755
1943,attempt_id756
1944,attempt_id757
1945,attempt_id759
1946,attempt_id76
1947,attempt_id760
1948,attempt_id761
1949,attempt_id762
1950,attempt_id763
1951,attempt_id765
1952,attempt_id766
1953,attempt_id767
1954,attempt_id768
1955,attempt_id769
1956,attempt_id77
1957,attempt_id770
1958,attempt_id771
1959,attempt_id772
1960,attempt_id773
1961,attempt_id774
1962,attempt_id775
1963,attempt_id776
1964,attempt_id779
1965,attempt_id78
1966,attempt_id782
1967,attempt_id783
1968,attempt_id784
1969,attempt_id785
1970,attempt_id786
1971,attempt_id788
1972,attempt_id789
1973,attempt_id790
1974,attempt_id792
1975,attempt_id793
1976,attempt_id794
1977,attempt_id795
1978,attempt_id796
1979,attempt_id797
1980,attempt_id798
1981,attempt_id799
1982,attempt_id8
1983,attempt_id80
1984,attempt_id800
1985,attempt_id802
1986,attempt_id803
1987,attempt_id804
1988,attempt_id805
1989,attempt_id806
1990,attempt_id807
1991,attempt_id808
1992,attempt_id809
1993,attempt_id81
1994,attempt_id810
1995,attempt_id811
1996,attempt_id812
1997,attempt_id813
1998,attempt_id814
1999,attempt_id815
2000,attempt_id816
2001,attempt_id817
2002,attempt_id818
2003,attempt_id819
2004,attempt_id82
2005,attempt_id820
2006,attempt_id821
2007,attempt_id822
2008,attempt_id823
2009,attempt_id825
2010,attempt_id826
2011,attempt_id827
2012,attempt_id828
2013,attempt_id829
2014,attempt_id83
2015,attempt_id830
2016,attempt_id831
2017,attempt_id832
2018,attempt_id833
2019,attempt_id834
2020,attempt_id836
2021,attempt_id837
2022,attempt_id838
2023,attempt_id84
2024,attempt_id843
2025,attempt_id849
2026,attempt_id851
2027,attempt_id852
2028,attempt_id853
2029,attempt_id854
2030,attempt_id855
2031,attempt_id856
2032,attempt_id857
2033,attempt_id858
2034,attempt_id859
2035,attempt_id860
2036,attempt_id861
2037,attempt_id862
2038,attempt_id863
2039,attempt_id864
2040,attempt_id865
2041,attempt_id867
2042,attempt_id868
2043,attempt_id869
2044,attempt_id87
2045,attempt_id870
2046,attempt_id871
2047,attempt_id872
2048,attempt_id873
2049,attempt_id874
2050,attempt_id875
2051,attempt_id876
2052,attempt_id877
2053,attempt_id878
2054,attempt_id879
2055,attempt_id88
2056,attempt_id880
2057,attempt_id881
2058,attempt_id882
2059,attempt_id883
2060,attempt_id884
2061,attempt_id885
2062,attempt_id886
2063,attempt_id887
2064,attempt_id888
2065,attempt_id889
2066,attempt_id89
2067,attempt_id890
2068,attempt_id891
2069,attempt_id892
2070,attempt_id893
2071,attempt_id894
2072,attempt_id895
2073,attempt_id896
2074,attempt_id897
2075,attempt_id898
2076,attempt_id899
2077,attempt_id9
2078,attempt_id90
2079,attempt_id900
2080,attempt_id901
2081,attempt_id902
2082,attempt_id904
2083,attempt_id905
2084,attempt_id906
2085,attempt_id907
2086,attempt_id908
2087,attempt_id91
2088,attempt_id911
2089,attempt_id912
2090,attempt_id913
2091,attempt_id914
2092,attempt_id915
2093,attempt_id916
2094,attempt_id918
2095,attempt_id919
2096,attempt_id92
2097,attempt_id920
2098,attempt_id921
2099,attempt_id922
2100,attempt_id924
2101,attempt_id926
2102,attempt_id927
2103,attempt_id928
2104,attempt_id93
2105,attempt_id930
2106,attempt_id931
2107,attempt_id932
2108,attempt_id934
2109,attempt_id935
2110,attempt_id936
2111,attempt_id937
2112,attempt_id938
2113,attempt_id939
2114,attempt_id94
2115,attempt_id940
2116,attempt_id941
2117,attempt_id942
2118,attempt_id946
2119,attempt_id947
2120,attempt_id949
2121,attempt_id95
2122,attempt_id951
2123,attempt_id952
2124,attempt_id953
2125,attempt_id954
2126,attempt_id956
2127,attempt_id957
2128,attempt_id958
2129,attempt_id959
2130,attempt_id96
2131,attempt_id960
2132,attempt_id961
2133,attempt_id962
2134,attempt_id963
2135,attempt_id964
2136,attempt_id965
2137,attempt_id966
2138,attempt_id967
2139,attempt_id968
2140,attempt_id969
2141,attempt_id97
2142,attempt_id971
2143,attempt_id972
2144,attempt_id973
2145,attempt_id974
2146,attempt_id976
2147,attempt_id977
2148,attempt_id978
2149,attempt_id98
2150,attempt_id981
2151,attempt_id982
2152,attempt_id983
2153,attempt_id984
2154,attempt_id989
2155,attempt_id99
2156,attempt_id990
2157,attempt_id991
2158,attempt_id992
2159,attempt_id994
2160,attempt_id995
2161,attempt_id996
2162,attempt_id997
