array_row_idx,clip_id,label,split
0,no_throw_clip_1,0,train
1,no_throw_clip_10,0,validation
2,no_throw_clip_100,0,train
3,no_throw_clip_1000,0,train
4,no_throw_clip_1001,0,train
5,no_throw_clip_1003,0,train
6,no_throw_clip_1004,0,train
7,no_throw_clip_1005,0,train
8,no_throw_clip_1006,0,validation
9,no_throw_clip_1007,0,train
10,no_throw_clip_1009,0,train
11,no_throw_clip_1012,0,train
12,no_throw_clip_1017,0,train
13,no_throw_clip_1018,0,test
14,no_throw_clip_1019,0,test
15,no_throw_clip_1020,0,train
16,no_throw_clip_1022,0,validation
17,no_throw_clip_1029,0,train
18,no_throw_clip_1031,0,train
19,no_throw_clip_1033,0,train
20,no_throw_clip_1034,0,test
21,no_throw_clip_1035,0,validation
22,no_throw_clip_1036,0,train
23,no_throw_clip_1037,0,train
24,no_throw_clip_1038,0,train
25,no_throw_clip_1039,0,train
26,no_throw_clip_104,0,test
27,no_throw_clip_1040,0,train
28,no_throw_clip_1041,0,train
29,no_throw_clip_1043,0,train
30,no_throw_clip_1047,0,train
31,no_throw_clip_1048,0,train
32,no_throw_clip_1049,0,train
33,no_throw_clip_105,0,train
34,no_throw_clip_1050,0,validation
35,no_throw_clip_1051,0,train
36,no_throw_clip_1053,0,train
37,no_throw_clip_1055,0,test
38,no_throw_clip_1056,0,train
39,no_throw_clip_1057,0,train
40,no_throw_clip_106,0,validation
41,no_throw_clip_1061,0,train
42,no_throw_clip_1062,0,train
43,no_throw_clip_1063,0,train
44,no_throw_clip_1064,0,train
45,no_throw_clip_1065,0,train
46,no_throw_clip_1068,0,train
47,no_throw_clip_1069,0,train
48,no_throw_clip_107,0,train
49,no_throw_clip_1071,0,train
50,no_throw_clip_1076,0,train
51,no_throw_clip_1077,0,train
52,no_throw_clip_1078,0,train
53,no_throw_clip_1080,0,test
54,no_throw_clip_1085,0,train
55,no_throw_clip_1086,0,train
56,no_throw_clip_1087,0,train
57,no_throw_clip_1088,0,train
58,no_throw_clip_109,0,train
59,no_throw_clip_1090,0,train
60,no_throw_clip_1091,0,train
61,no_throw_clip_1092,0,train
62,no_throw_clip_1093,0,train
63,no_throw_clip_1094,0,train
64,no_throw_clip_1096,0,validation
65,no_throw_clip_1097,0,train
66,no_throw_clip_1098,0,train
67,no_throw_clip_1099,0,train
68,no_throw_clip_11,0,train
69,no_throw_clip_110,0,train
70,no_throw_clip_1100,0,train
71,no_throw_clip_1101,0,train
72,no_throw_clip_1102,0,train
73,no_throw_clip_1103,0,train
74,no_throw_clip_1104,0,train
75,no_throw_clip_1105,0,train
76,no_throw_clip_1106,0,train
77,no_throw_clip_1107,0,train
78,no_throw_clip_111,0,train
79,no_throw_clip_1112,0,train
80,no_throw_clip_1113,0,train
81,no_throw_clip_1114,0,train
82,no_throw_clip_112,0,train
83,no_throw_clip_1122,0,train
84,no_throw_clip_1123,0,train
85,no_throw_clip_1127,0,train
86,no_throw_clip_1128,0,train
87,no_throw_clip_1129,0,test
88,no_throw_clip_1130,0,train
89,no_throw_clip_1132,0,train
90,no_throw_clip_1133,0,train
91,no_throw_clip_1134,0,validation
92,no_throw_clip_1135,0,train
93,no_throw_clip_1136,0,train
94,no_throw_clip_1137,0,train
95,no_throw_clip_1138,0,test
96,no_throw_clip_1139,0,train
97,no_throw_clip_1146,0,train
98,no_throw_clip_1148,0,test
99,no_throw_clip_1149,0,train
100,no_throw_clip_115,0,train
101,no_throw_clip_1150,0,train
102,no_throw_clip_1152,0,train
103,no_throw_clip_1153,0,test
104,no_throw_clip_1154,0,train
105,no_throw_clip_1155,0,train
106,no_throw_clip_1157,0,train
107,no_throw_clip_1158,0,train
108,no_throw_clip_1159,0,train
109,no_throw_clip_116,0,train
110,no_throw_clip_1160,0,train
111,no_throw_clip_1162,0,train
112,no_throw_clip_1165,0,test
113,no_throw_clip_1166,0,train
114,no_throw_clip_1167,0,train
115,no_throw_clip_117,0,train
116,no_throw_clip_1170,0,train
117,no_throw_clip_118,0,train
118,no_throw_clip_1181,0,train
119,no_throw_clip_1182,0,train
120,no_throw_clip_1183,0,train
121,no_throw_clip_1186,0,validation
122,no_throw_clip_1187,0,test
123,no_throw_clip_1188,0,train
124,no_throw_clip_1189,0,train
125,no_throw_clip_1190,0,train
126,no_throw_clip_1191,0,train
127,no_throw_clip_1192,0,train
128,no_throw_clip_1195,0,train
129,no_throw_clip_1196,0,train
130,no_throw_clip_1197,0,test
131,no_throw_clip_1198,0,train
132,no_throw_clip_1199,0,train
133,no_throw_clip_1200,0,train
134,no_throw_clip_1201,0,test
135,no_throw_clip_1204,0,train
136,no_throw_clip_1207,0,train
137,no_throw_clip_1209,0,train
138,no_throw_clip_1210,0,train
139,no_throw_clip_1211,0,train
140,no_throw_clip_1212,0,train
141,no_throw_clip_1217,0,train
142,no_throw_clip_1218,0,train
143,no_throw_clip_1222,0,validation
144,no_throw_clip_1226,0,train
145,no_throw_clip_1227,0,train
146,no_throw_clip_1228,0,validation
147,no_throw_clip_123,0,train
148,no_throw_clip_1232,0,train
149,no_throw_clip_1235,0,train
150,no_throw_clip_1243,0,test
151,no_throw_clip_1247,0,test
152,no_throw_clip_1248,0,validation
153,no_throw_clip_1249,0,train
154,no_throw_clip_125,0,train
155,no_throw_clip_1250,0,train
156,no_throw_clip_1251,0,train
157,no_throw_clip_1252,0,validation
158,no_throw_clip_1253,0,train
159,no_throw_clip_1254,0,train
160,no_throw_clip_1255,0,test
161,no_throw_clip_1256,0,test
162,no_throw_clip_1259,0,train
163,no_throw_clip_126,0,train
164,no_throw_clip_1260,0,train
165,no_throw_clip_1261,0,train
166,no_throw_clip_1262,0,test
167,no_throw_clip_1264,0,train
168,no_throw_clip_1265,0,train
169,no_throw_clip_1266,0,train
170,no_throw_clip_1267,0,train
171,no_throw_clip_127,0,train
172,no_throw_clip_1270,0,train
173,no_throw_clip_1271,0,train
174,no_throw_clip_1274,0,train
175,no_throw_clip_1276,0,train
176,no_throw_clip_1279,0,train
177,no_throw_clip_128,0,train
178,no_throw_clip_1280,0,train
179,no_throw_clip_1281,0,train
180,no_throw_clip_1282,0,train
181,no_throw_clip_1283,0,train
182,no_throw_clip_1288,0,train
183,no_throw_clip_129,0,train
184,no_throw_clip_1292,0,train
185,no_throw_clip_1293,0,train
186,no_throw_clip_1298,0,test
187,no_throw_clip_1299,0,validation
188,no_throw_clip_13,0,train
189,no_throw_clip_130,0,validation
190,no_throw_clip_1301,0,train
191,no_throw_clip_1302,0,train
192,no_throw_clip_1304,0,train
193,no_throw_clip_1305,0,train
194,no_throw_clip_1307,0,train
195,no_throw_clip_1308,0,train
196,no_throw_clip_1309,0,train
197,no_throw_clip_131,0,validation
198,no_throw_clip_1312,0,train
199,no_throw_clip_1314,0,train
200,no_throw_clip_1315,0,test
201,no_throw_clip_1316,0,test
202,no_throw_clip_1317,0,test
203,no_throw_clip_1318,0,train
204,no_throw_clip_132,0,train
205,no_throw_clip_1320,0,validation
206,no_throw_clip_1321,0,validation
207,no_throw_clip_1323,0,validation
208,no_throw_clip_1324,0,train
209,no_throw_clip_1329,0,train
210,no_throw_clip_133,0,train
211,no_throw_clip_1331,0,train
212,no_throw_clip_1332,0,train
213,no_throw_clip_1333,0,train
214,no_throw_clip_1334,0,train
215,no_throw_clip_1336,0,train
216,no_throw_clip_1337,0,test
217,no_throw_clip_1338,0,train
218,no_throw_clip_134,0,train
219,no_throw_clip_1340,0,validation
220,no_throw_clip_1341,0,train
221,no_throw_clip_1342,0,train
222,no_throw_clip_1343,0,train
223,no_throw_clip_1344,0,train
224,no_throw_clip_1347,0,train
225,no_throw_clip_1349,0,test
226,no_throw_clip_135,0,train
227,no_throw_clip_1350,0,train
228,no_throw_clip_1352,0,train
229,no_throw_clip_1353,0,validation
230,no_throw_clip_1354,0,test
231,no_throw_clip_1356,0,train
232,no_throw_clip_1361,0,train
233,no_throw_clip_1365,0,train
234,no_throw_clip_1367,0,train
235,no_throw_clip_1368,0,train
236,no_throw_clip_1369,0,train
237,no_throw_clip_137,0,train
238,no_throw_clip_1374,0,train
239,no_throw_clip_1376,0,train
240,no_throw_clip_1379,0,train
241,no_throw_clip_138,0,validation
242,no_throw_clip_1380,0,train
243,no_throw_clip_1382,0,train
244,no_throw_clip_1383,0,train
245,no_throw_clip_1386,0,train
246,no_throw_clip_1387,0,validation
247,no_throw_clip_139,0,train
248,no_throw_clip_1395,0,train
249,no_throw_clip_1396,0,train
250,no_throw_clip_14,0,train
251,no_throw_clip_140,0,train
252,no_throw_clip_1400,0,validation
253,no_throw_clip_1401,0,test
254,no_throw_clip_1403,0,train
255,no_throw_clip_1405,0,train
256,no_throw_clip_1406,0,train
257,no_throw_clip_1407,0,train
258,no_throw_clip_1408,0,train
259,no_throw_clip_1409,0,train
260,no_throw_clip_141,0,train
261,no_throw_clip_1410,0,train
262,no_throw_clip_1411,0,test
263,no_throw_clip_1413,0,train
264,no_throw_clip_1417,0,train
265,no_throw_clip_1418,0,train
266,no_throw_clip_142,0,train
267,no_throw_clip_1420,0,train
268,no_throw_clip_1427,0,train
269,no_throw_clip_1428,0,test
270,no_throw_clip_143,0,train
271,no_throw_clip_1432,0,train
272,no_throw_clip_1433,0,train
273,no_throw_clip_1434,0,train
274,no_throw_clip_1435,0,train
275,no_throw_clip_144,0,train
276,no_throw_clip_1445,0,test
277,no_throw_clip_1446,0,train
278,no_throw_clip_1447,0,train
279,no_throw_clip_1448,0,validation
280,no_throw_clip_1449,0,train
281,no_throw_clip_145,0,train
282,no_throw_clip_1451,0,train
283,no_throw_clip_1453,0,validation
284,no_throw_clip_146,0,train
285,no_throw_clip_1464,0,train
286,no_throw_clip_1465,0,train
287,no_throw_clip_1468,0,train
288,no_throw_clip_1469,0,validation
289,no_throw_clip_1470,0,train
290,no_throw_clip_1474,0,train
291,no_throw_clip_1475,0,train
292,no_throw_clip_1476,0,train
293,no_throw_clip_1478,0,validation
294,no_throw_clip_1479,0,train
295,no_throw_clip_148,0,validation
296,no_throw_clip_1480,0,train
297,no_throw_clip_1481,0,train
298,no_throw_clip_1482,0,train
299,no_throw_clip_1484,0,train
300,no_throw_clip_1485,0,train
301,no_throw_clip_1486,0,train
302,no_throw_clip_1487,0,train
303,no_throw_clip_1491,0,train
304,no_throw_clip_1493,0,train
305,no_throw_clip_1497,0,train
306,no_throw_clip_1498,0,train
307,no_throw_clip_1499,0,train
308,no_throw_clip_15,0,train
309,no_throw_clip_150,0,train
310,no_throw_clip_1506,0,train
311,no_throw_clip_1508,0,train
312,no_throw_clip_151,0,train
313,no_throw_clip_1510,0,train
314,no_throw_clip_1511,0,train
315,no_throw_clip_1514,0,test
316,no_throw_clip_1521,0,train
317,no_throw_clip_1522,0,test
318,no_throw_clip_1523,0,train
319,no_throw_clip_1524,0,train
320,no_throw_clip_1525,0,train
321,no_throw_clip_1526,0,train
322,no_throw_clip_1527,0,train
323,no_throw_clip_1528,0,train
324,no_throw_clip_1529,0,train
325,no_throw_clip_153,0,train
326,no_throw_clip_1531,0,train
327,no_throw_clip_1532,0,train
328,no_throw_clip_1534,0,train
329,no_throw_clip_1536,0,train
330,no_throw_clip_1537,0,test
331,no_throw_clip_1539,0,train
332,no_throw_clip_1540,0,train
333,no_throw_clip_1541,0,train
334,no_throw_clip_1542,0,train
335,no_throw_clip_1543,0,train
336,no_throw_clip_1545,0,train
337,no_throw_clip_1546,0,test
338,no_throw_clip_1548,0,train
339,no_throw_clip_1550,0,train
340,no_throw_clip_1551,0,train
341,no_throw_clip_1552,0,train
342,no_throw_clip_1554,0,train
343,no_throw_clip_1555,0,validation
344,no_throw_clip_1557,0,train
345,no_throw_clip_1558,0,test
346,no_throw_clip_1559,0,train
347,no_throw_clip_1560,0,train
348,no_throw_clip_1561,0,train
349,no_throw_clip_1564,0,train
350,no_throw_clip_1565,0,train
351,no_throw_clip_1566,0,train
352,no_throw_clip_1567,0,train
353,no_throw_clip_1568,0,train
354,no_throw_clip_1569,0,train
355,no_throw_clip_1572,0,train
356,no_throw_clip_1576,0,train
357,no_throw_clip_1577,0,train
358,no_throw_clip_1578,0,train
359,no_throw_clip_1580,0,train
360,no_throw_clip_1581,0,train
361,no_throw_clip_1582,0,train
362,no_throw_clip_1583,0,train
363,no_throw_clip_1584,0,train
364,no_throw_clip_1586,0,train
365,no_throw_clip_1587,0,train
366,no_throw_clip_1588,0,train
367,no_throw_clip_1589,0,train
368,no_throw_clip_159,0,train
369,no_throw_clip_1590,0,train
370,no_throw_clip_1592,0,train
371,no_throw_clip_1593,0,train
372,no_throw_clip_1594,0,train
373,no_throw_clip_1595,0,train
374,no_throw_clip_1596,0,train
375,no_throw_clip_1598,0,train
376,no_throw_clip_1599,0,train
377,no_throw_clip_16,0,train
378,no_throw_clip_160,0,test
379,no_throw_clip_1600,0,validation
380,no_throw_clip_1601,0,train
381,no_throw_clip_1602,0,train
382,no_throw_clip_1604,0,train
383,no_throw_clip_1605,0,train
384,no_throw_clip_1606,0,test
385,no_throw_clip_1607,0,validation
386,no_throw_clip_1609,0,train
387,no_throw_clip_161,0,test
388,no_throw_clip_1610,0,train
389,no_throw_clip_1611,0,train
390,no_throw_clip_1613,0,train
391,no_throw_clip_1614,0,test
392,no_throw_clip_1615,0,test
393,no_throw_clip_1616,0,train
394,no_throw_clip_1618,0,train
395,no_throw_clip_1619,0,train
396,no_throw_clip_162,0,train
397,no_throw_clip_1621,0,validation
398,no_throw_clip_1622,0,train
399,no_throw_clip_1628,0,train
400,no_throw_clip_1629,0,validation
401,no_throw_clip_1630,0,test
402,no_throw_clip_1631,0,validation
403,no_throw_clip_1632,0,test
404,no_throw_clip_1633,0,train
405,no_throw_clip_1635,0,train
406,no_throw_clip_1636,0,validation
407,no_throw_clip_1639,0,train
408,no_throw_clip_1641,0,train
409,no_throw_clip_1642,0,train
410,no_throw_clip_1643,0,train
411,no_throw_clip_1644,0,train
412,no_throw_clip_1645,0,train
413,no_throw_clip_1646,0,train
414,no_throw_clip_1647,0,train
415,no_throw_clip_1648,0,train
416,no_throw_clip_1649,0,train
417,no_throw_clip_1650,0,train
418,no_throw_clip_1654,0,test
419,no_throw_clip_1655,0,train
420,no_throw_clip_1656,0,train
421,no_throw_clip_1657,0,train
422,no_throw_clip_1658,0,train
423,no_throw_clip_1659,0,train
424,no_throw_clip_1660,0,train
425,no_throw_clip_1661,0,train
426,no_throw_clip_1662,0,train
427,no_throw_clip_1663,0,train
428,no_throw_clip_1664,0,train
429,no_throw_clip_1665,0,train
430,no_throw_clip_1667,0,train
431,no_throw_clip_1668,0,train
432,no_throw_clip_1669,0,train
433,no_throw_clip_1670,0,train
434,no_throw_clip_1671,0,train
435,no_throw_clip_1673,0,train
436,no_throw_clip_1674,0,train
437,no_throw_clip_1675,0,test
438,no_throw_clip_1676,0,train
439,no_throw_clip_1677,0,train
440,no_throw_clip_1678,0,train
441,no_throw_clip_1679,0,validation
442,no_throw_clip_168,0,train
443,no_throw_clip_1680,0,train
444,no_throw_clip_1682,0,train
445,no_throw_clip_1683,0,train
446,no_throw_clip_1684,0,train
447,no_throw_clip_1686,0,train
448,no_throw_clip_1687,0,train
449,no_throw_clip_1688,0,train
450,no_throw_clip_169,0,train
451,no_throw_clip_1693,0,train
452,no_throw_clip_1694,0,validation
453,no_throw_clip_1695,0,train
454,no_throw_clip_1696,0,train
455,no_throw_clip_17,0,test
456,no_throw_clip_1702,0,train
457,no_throw_clip_1703,0,train
458,no_throw_clip_1704,0,train
459,no_throw_clip_1706,0,test
460,no_throw_clip_1707,0,train
461,no_throw_clip_1713,0,train
462,no_throw_clip_1715,0,train
463,no_throw_clip_1716,0,test
464,no_throw_clip_1717,0,train
465,no_throw_clip_1718,0,train
466,no_throw_clip_172,0,validation
467,no_throw_clip_1720,0,train
468,no_throw_clip_1721,0,train
469,no_throw_clip_1722,0,validation
470,no_throw_clip_1729,0,train
471,no_throw_clip_173,0,train
472,no_throw_clip_1730,0,validation
473,no_throw_clip_1733,0,train
474,no_throw_clip_1734,0,test
475,no_throw_clip_1735,0,train
476,no_throw_clip_1738,0,validation
477,no_throw_clip_1739,0,train
478,no_throw_clip_174,0,train
479,no_throw_clip_1743,0,train
480,no_throw_clip_1744,0,train
481,no_throw_clip_175,0,train
482,no_throw_clip_1757,0,train
483,no_throw_clip_1758,0,train
484,no_throw_clip_1759,0,validation
485,no_throw_clip_176,0,train
486,no_throw_clip_1760,0,train
487,no_throw_clip_1761,0,train
488,no_throw_clip_177,0,test
489,no_throw_clip_1770,0,train
490,no_throw_clip_1773,0,train
491,no_throw_clip_1778,0,train
492,no_throw_clip_1781,0,test
493,no_throw_clip_1783,0,train
494,no_throw_clip_1785,0,train
495,no_throw_clip_1789,0,train
496,no_throw_clip_179,0,train
497,no_throw_clip_1790,0,train
498,no_throw_clip_1791,0,train
499,no_throw_clip_1792,0,train
500,no_throw_clip_1793,0,train
501,no_throw_clip_1794,0,train
502,no_throw_clip_1795,0,test
503,no_throw_clip_1796,0,train
504,no_throw_clip_1797,0,train
505,no_throw_clip_18,0,train
506,no_throw_clip_1800,0,train
507,no_throw_clip_1803,0,train
508,no_throw_clip_1805,0,test
509,no_throw_clip_1806,0,test
510,no_throw_clip_1808,0,test
511,no_throw_clip_1809,0,train
512,no_throw_clip_1810,0,train
513,no_throw_clip_1811,0,train
514,no_throw_clip_1812,0,train
515,no_throw_clip_1813,0,train
516,no_throw_clip_1814,0,train
517,no_throw_clip_1817,0,train
518,no_throw_clip_1818,0,train
519,no_throw_clip_182,0,train
520,no_throw_clip_1820,0,validation
521,no_throw_clip_1823,0,train
522,no_throw_clip_1824,0,train
523,no_throw_clip_183,0,train
524,no_throw_clip_1833,0,validation
525,no_throw_clip_1834,0,train
526,no_throw_clip_1836,0,train
527,no_throw_clip_184,0,train
528,no_throw_clip_1840,0,train
529,no_throw_clip_1843,0,train
530,no_throw_clip_1844,0,train
531,no_throw_clip_1849,0,train
532,no_throw_clip_1850,0,train
533,no_throw_clip_1851,0,train
534,no_throw_clip_1854,0,train
535,no_throw_clip_1856,0,train
536,no_throw_clip_1857,0,train
537,no_throw_clip_1858,0,train
538,no_throw_clip_1859,0,train
539,no_throw_clip_1861,0,train
540,no_throw_clip_1862,0,test
541,no_throw_clip_1863,0,train
542,no_throw_clip_1864,0,train
543,no_throw_clip_1865,0,train
544,no_throw_clip_1866,0,train
545,no_throw_clip_1867,0,train
546,no_throw_clip_187,0,validation
547,no_throw_clip_1871,0,train
548,no_throw_clip_1872,0,train
549,no_throw_clip_1873,0,train
550,no_throw_clip_1879,0,test
551,no_throw_clip_188,0,train
552,no_throw_clip_1885,0,train
553,no_throw_clip_1886,0,train
554,no_throw_clip_1888,0,train
555,no_throw_clip_1889,0,train
556,no_throw_clip_189,0,test
557,no_throw_clip_1890,0,train
558,no_throw_clip_1898,0,train
559,no_throw_clip_1899,0,train
560,no_throw_clip_19,0,train
561,no_throw_clip_190,0,train
562,no_throw_clip_1901,0,test
563,no_throw_clip_1902,0,test
564,no_throw_clip_1903,0,validation
565,no_throw_clip_1904,0,test
566,no_throw_clip_1905,0,train
567,no_throw_clip_1906,0,train
568,no_throw_clip_1907,0,train
569,no_throw_clip_1908,0,train
570,no_throw_clip_1909,0,train
571,no_throw_clip_191,0,train
572,no_throw_clip_1913,0,train
573,no_throw_clip_1915,0,train
574,no_throw_clip_1916,0,train
575,no_throw_clip_1917,0,train
576,no_throw_clip_1918,0,train
577,no_throw_clip_1919,0,validation
578,no_throw_clip_192,0,train
579,no_throw_clip_1920,0,train
580,no_throw_clip_1921,0,train
581,no_throw_clip_1924,0,train
582,no_throw_clip_193,0,train
583,no_throw_clip_1931,0,train
584,no_throw_clip_1936,0,train
585,no_throw_clip_1937,0,train
586,no_throw_clip_1938,0,test
587,no_throw_clip_1939,0,train
588,no_throw_clip_194,0,train
589,no_throw_clip_1940,0,train
590,no_throw_clip_1941,0,train
591,no_throw_clip_1942,0,train
592,no_throw_clip_1943,0,test
593,no_throw_clip_1945,0,train
594,no_throw_clip_1946,0,train
595,no_throw_clip_1948,0,train
596,no_throw_clip_1949,0,train
597,no_throw_clip_195,0,train
598,no_throw_clip_1950,0,train
599,no_throw_clip_1955,0,train
600,no_throw_clip_1960,0,test
601,no_throw_clip_1961,0,train
602,no_throw_clip_1963,0,train
603,no_throw_clip_1964,0,train
604,no_throw_clip_1965,0,train
605,no_throw_clip_1968,0,train
606,no_throw_clip_197,0,train
607,no_throw_clip_1972,0,train
608,no_throw_clip_1973,0,test
609,no_throw_clip_1975,0,train
610,no_throw_clip_1976,0,train
611,no_throw_clip_1977,0,train
612,no_throw_clip_1978,0,validation
613,no_throw_clip_198,0,train
614,no_throw_clip_1981,0,train
615,no_throw_clip_1982,0,train
616,no_throw_clip_1984,0,train
617,no_throw_clip_1985,0,train
618,no_throw_clip_1986,0,train
619,no_throw_clip_1987,0,train
620,no_throw_clip_1988,0,train
621,no_throw_clip_1989,0,train
622,no_throw_clip_1990,0,train
623,no_throw_clip_1994,0,test
624,no_throw_clip_1995,0,train
625,no_throw_clip_1996,0,train
626,no_throw_clip_1998,0,train
627,no_throw_clip_1999,0,validation
628,no_throw_clip_2,0,train
629,no_throw_clip_2002,0,train
630,no_throw_clip_2004,0,train
631,no_throw_clip_2005,0,train
632,no_throw_clip_2008,0,validation
633,no_throw_clip_2009,0,train
634,no_throw_clip_201,0,train
635,no_throw_clip_2013,0,train
636,no_throw_clip_2015,0,train
637,no_throw_clip_2016,0,train
638,no_throw_clip_2017,0,train
639,no_throw_clip_2018,0,test
640,no_throw_clip_2019,0,test
641,no_throw_clip_202,0,test
642,no_throw_clip_2020,0,validation
643,no_throw_clip_2023,0,train
644,no_throw_clip_2024,0,train
645,no_throw_clip_2027,0,test
646,no_throw_clip_2028,0,test
647,no_throw_clip_2029,0,test
648,no_throw_clip_203,0,validation
649,no_throw_clip_2032,0,train
650,no_throw_clip_2037,0,train
651,no_throw_clip_2038,0,train
652,no_throw_clip_2039,0,train
653,no_throw_clip_2040,0,train
654,no_throw_clip_2042,0,train
655,no_throw_clip_2044,0,train
656,no_throw_clip_2045,0,train
657,no_throw_clip_2046,0,train
658,no_throw_clip_205,0,test
659,no_throw_clip_2050,0,test
660,no_throw_clip_2051,0,train
661,no_throw_clip_2052,0,train
662,no_throw_clip_2053,0,train
663,no_throw_clip_2054,0,test
664,no_throw_clip_2055,0,train
665,no_throw_clip_2056,0,train
666,no_throw_clip_2058,0,train
667,no_throw_clip_206,0,train
668,no_throw_clip_2061,0,train
669,no_throw_clip_2063,0,train
670,no_throw_clip_2064,0,train
671,no_throw_clip_2065,0,train
672,no_throw_clip_2066,0,train
673,no_throw_clip_207,0,train
674,no_throw_clip_2070,0,train
675,no_throw_clip_2071,0,train
676,no_throw_clip_2072,0,train
677,no_throw_clip_2074,0,train
678,no_throw_clip_2075,0,train
679,no_throw_clip_2076,0,train
680,no_throw_clip_2078,0,train
681,no_throw_clip_2081,0,validation
682,no_throw_clip_2085,0,train
683,no_throw_clip_2086,0,validation
684,no_throw_clip_2087,0,train
685,no_throw_clip_2088,0,train
686,no_throw_clip_2092,0,validation
687,no_throw_clip_2093,0,test
688,no_throw_clip_2094,0,train
689,no_throw_clip_2096,0,train
690,no_throw_clip_2099,0,train
691,no_throw_clip_21,0,train
692,no_throw_clip_2105,0,train
693,no_throw_clip_2106,0,train
694,no_throw_clip_2108,0,train
695,no_throw_clip_2111,0,train
696,no_throw_clip_2112,0,train
697,no_throw_clip_2113,0,train
698,no_throw_clip_2114,0,test
699,no_throw_clip_2115,0,test
700,no_throw_clip_2116,0,train
701,no_throw_clip_2117,0,train
702,no_throw_clip_2118,0,test
703,no_throw_clip_2119,0,train
704,no_throw_clip_212,0,train
705,no_throw_clip_2122,0,train
706,no_throw_clip_2123,0,train
707,no_throw_clip_2124,0,train
708,no_throw_clip_2126,0,train
709,no_throw_clip_2127,0,validation
710,no_throw_clip_2129,0,train
711,no_throw_clip_2130,0,train
712,no_throw_clip_2131,0,train
713,no_throw_clip_2136,0,train
714,no_throw_clip_2137,0,train
715,no_throw_clip_214,0,train
716,no_throw_clip_2141,0,train
717,no_throw_clip_2148,0,train
718,no_throw_clip_215,0,train
719,no_throw_clip_2153,0,validation
720,no_throw_clip_2154,0,train
721,no_throw_clip_2158,0,train
722,no_throw_clip_2159,0,train
723,no_throw_clip_216,0,train
724,no_throw_clip_2160,0,train
725,no_throw_clip_2162,0,validation
726,no_throw_clip_2163,0,train
727,no_throw_clip_2164,0,train
728,no_throw_clip_2168,0,train
729,no_throw_clip_2171,0,validation
730,no_throw_clip_2172,0,train
731,no_throw_clip_2173,0,train
732,no_throw_clip_2175,0,train
733,no_throw_clip_2176,0,train
734,no_throw_clip_218,0,train
735,no_throw_clip_2180,0,train
736,no_throw_clip_2186,0,train
737,no_throw_clip_2187,0,train
738,no_throw_clip_2188,0,train
739,no_throw_clip_219,0,train
740,no_throw_clip_2190,0,train
741,no_throw_clip_2194,0,train
742,no_throw_clip_2196,0,validation
743,no_throw_clip_2197,0,train
744,no_throw_clip_2199,0,train
745,no_throw_clip_22,0,train
746,no_throw_clip_220,0,train
747,no_throw_clip_2200,0,test
748,no_throw_clip_2202,0,validation
749,no_throw_clip_2204,0,validation
750,no_throw_clip_2205,0,train
751,no_throw_clip_2207,0,validation
752,no_throw_clip_2208,0,train
753,no_throw_clip_2209,0,train
754,no_throw_clip_2210,0,train
755,no_throw_clip_2211,0,train
756,no_throw_clip_2212,0,train
757,no_throw_clip_2213,0,train
758,no_throw_clip_2214,0,train
759,no_throw_clip_2215,0,train
760,no_throw_clip_2217,0,train
761,no_throw_clip_2218,0,train
762,no_throw_clip_2219,0,train
763,no_throw_clip_2220,0,validation
764,no_throw_clip_2221,0,train
765,no_throw_clip_2224,0,train
766,no_throw_clip_2229,0,validation
767,no_throw_clip_223,0,train
768,no_throw_clip_2230,0,train
769,no_throw_clip_2231,0,validation
770,no_throw_clip_2232,0,train
771,no_throw_clip_2234,0,train
772,no_throw_clip_2237,0,train
773,no_throw_clip_2239,0,train
774,no_throw_clip_2240,0,train
775,no_throw_clip_2241,0,test
776,no_throw_clip_2252,0,validation
777,no_throw_clip_2253,0,train
778,no_throw_clip_2254,0,train
779,no_throw_clip_2255,0,validation
780,no_throw_clip_2256,0,train
781,no_throw_clip_2257,0,train
782,no_throw_clip_2258,0,train
783,no_throw_clip_226,0,train
784,no_throw_clip_2261,0,train
785,no_throw_clip_2263,0,train
786,no_throw_clip_2266,0,train
787,no_throw_clip_2268,0,train
788,no_throw_clip_2269,0,train
789,no_throw_clip_2276,0,train
790,no_throw_clip_2277,0,train
791,no_throw_clip_2279,0,test
792,no_throw_clip_2280,0,train
793,no_throw_clip_2281,0,train
794,no_throw_clip_2282,0,validation
795,no_throw_clip_2283,0,validation
796,no_throw_clip_2285,0,train
797,no_throw_clip_2286,0,test
798,no_throw_clip_2287,0,train
799,no_throw_clip_2288,0,train
800,no_throw_clip_2289,0,test
801,no_throw_clip_2290,0,train
802,no_throw_clip_2291,0,train
803,no_throw_clip_2292,0,train
804,no_throw_clip_2293,0,validation
805,no_throw_clip_2294,0,test
806,no_throw_clip_2296,0,train
807,no_throw_clip_2297,0,train
808,no_throw_clip_2298,0,train
809,no_throw_clip_2299,0,train
810,no_throw_clip_23,0,train
811,no_throw_clip_2300,0,train
812,no_throw_clip_2301,0,train
813,no_throw_clip_2302,0,train
814,no_throw_clip_2303,0,train
815,no_throw_clip_2304,0,test
816,no_throw_clip_2305,0,train
817,no_throw_clip_2306,0,train
818,no_throw_clip_2307,0,train
819,no_throw_clip_2308,0,train
820,no_throw_clip_2309,0,train
821,no_throw_clip_2311,0,validation
822,no_throw_clip_2313,0,train
823,no_throw_clip_232,0,train
824,no_throw_clip_2321,0,train
825,no_throw_clip_2322,0,train
826,no_throw_clip_2323,0,train
827,no_throw_clip_2326,0,train
828,no_throw_clip_2327,0,train
829,no_throw_clip_2328,0,train
830,no_throw_clip_2329,0,train
831,no_throw_clip_2331,0,validation
832,no_throw_clip_2332,0,train
833,no_throw_clip_2333,0,train
834,no_throw_clip_2334,0,train
835,no_throw_clip_2336,0,test
836,no_throw_clip_2337,0,train
837,no_throw_clip_2339,0,train
838,no_throw_clip_2340,0,train
839,no_throw_clip_2342,0,train
840,no_throw_clip_2343,0,test
841,no_throw_clip_2344,0,train
842,no_throw_clip_2349,0,train
843,no_throw_clip_2350,0,train
844,no_throw_clip_2351,0,train
845,no_throw_clip_2352,0,train
846,no_throw_clip_2353,0,train
847,no_throw_clip_2354,0,train
848,no_throw_clip_2357,0,train
849,no_throw_clip_2360,0,train
850,no_throw_clip_2361,0,train
851,no_throw_clip_2362,0,train
852,no_throw_clip_2363,0,train
853,no_throw_clip_2367,0,train
854,no_throw_clip_2372,0,validation
855,no_throw_clip_2373,0,train
856,no_throw_clip_2374,0,validation
857,no_throw_clip_2376,0,train
858,no_throw_clip_2378,0,train
859,no_throw_clip_238,0,train
860,no_throw_clip_2380,0,validation
861,no_throw_clip_2384,0,train
862,no_throw_clip_2385,0,train
863,no_throw_clip_2386,0,validation
864,no_throw_clip_2387,0,train
865,no_throw_clip_239,0,train
866,no_throw_clip_2399,0,train
867,no_throw_clip_2400,0,train
868,no_throw_clip_2402,0,train
869,no_throw_clip_2404,0,train
870,no_throw_clip_2405,0,test
871,no_throw_clip_2406,0,test
872,no_throw_clip_2407,0,train
873,no_throw_clip_2409,0,train
874,no_throw_clip_241,0,train
875,no_throw_clip_2411,0,train
876,no_throw_clip_2413,0,train
877,no_throw_clip_2414,0,test
878,no_throw_clip_2415,0,test
879,no_throw_clip_2416,0,train
880,no_throw_clip_2417,0,validation
881,no_throw_clip_242,0,train
882,no_throw_clip_2420,0,train
883,no_throw_clip_2421,0,test
884,no_throw_clip_2422,0,train
885,no_throw_clip_2424,0,train
886,no_throw_clip_2429,0,train
887,no_throw_clip_2430,0,train
888,no_throw_clip_2431,0,train
889,no_throw_clip_2432,0,train
890,no_throw_clip_2434,0,train
891,no_throw_clip_2435,0,test
892,no_throw_clip_2438,0,train
893,no_throw_clip_2439,0,train
894,no_throw_clip_244,0,train
895,no_throw_clip_2442,0,train
896,no_throw_clip_2445,0,validation
897,no_throw_clip_2449,0,validation
898,no_throw_clip_2450,0,train
899,no_throw_clip_2451,0,train
900,no_throw_clip_2459,0,train
901,no_throw_clip_2464,0,train
902,no_throw_clip_2468,0,train
903,no_throw_clip_2469,0,train
904,no_throw_clip_247,0,train
905,no_throw_clip_2474,0,train
906,no_throw_clip_248,0,train
907,no_throw_clip_2480,0,train
908,no_throw_clip_2481,0,train
909,no_throw_clip_2486,0,train
910,no_throw_clip_2488,0,train
911,no_throw_clip_249,0,train
912,no_throw_clip_2495,0,train
913,no_throw_clip_2496,0,test
914,no_throw_clip_2499,0,train
915,no_throw_clip_254,0,train
916,no_throw_clip_255,0,train
917,no_throw_clip_256,0,train
918,no_throw_clip_257,0,train
919,no_throw_clip_26,0,train
920,no_throw_clip_260,0,train
921,no_throw_clip_265,0,train
922,no_throw_clip_266,0,train
923,no_throw_clip_268,0,train
924,no_throw_clip_279,0,train
925,no_throw_clip_280,0,train
926,no_throw_clip_281,0,train
927,no_throw_clip_284,0,train
928,no_throw_clip_285,0,test
929,no_throw_clip_286,0,validation
930,no_throw_clip_288,0,train
931,no_throw_clip_29,0,train
932,no_throw_clip_290,0,train
933,no_throw_clip_292,0,train
934,no_throw_clip_296,0,train
935,no_throw_clip_297,0,train
936,no_throw_clip_298,0,train
937,no_throw_clip_3,0,train
938,no_throw_clip_301,0,train
939,no_throw_clip_303,0,train
940,no_throw_clip_305,0,train
941,no_throw_clip_308,0,train
942,no_throw_clip_309,0,train
943,no_throw_clip_31,0,train
944,no_throw_clip_32,0,train
945,no_throw_clip_322,0,train
946,no_throw_clip_323,0,train
947,no_throw_clip_324,0,train
948,no_throw_clip_325,0,train
949,no_throw_clip_327,0,train
950,no_throw_clip_328,0,train
951,no_throw_clip_33,0,validation
952,no_throw_clip_331,0,train
953,no_throw_clip_332,0,train
954,no_throw_clip_335,0,validation
955,no_throw_clip_336,0,test
956,no_throw_clip_340,0,validation
957,no_throw_clip_341,0,test
958,no_throw_clip_342,0,train
959,no_throw_clip_344,0,validation
960,no_throw_clip_346,0,test
961,no_throw_clip_347,0,train
962,no_throw_clip_350,0,train
963,no_throw_clip_352,0,train
964,no_throw_clip_353,0,train
965,no_throw_clip_36,0,train
966,no_throw_clip_361,0,train
967,no_throw_clip_362,0,train
968,no_throw_clip_363,0,train
969,no_throw_clip_365,0,train
970,no_throw_clip_366,0,train
971,no_throw_clip_367,0,train
972,no_throw_clip_368,0,test
973,no_throw_clip_369,0,train
974,no_throw_clip_371,0,train
975,no_throw_clip_384,0,validation
976,no_throw_clip_385,0,train
977,no_throw_clip_386,0,train
978,no_throw_clip_387,0,train
979,no_throw_clip_388,0,train
980,no_throw_clip_391,0,train
981,no_throw_clip_392,0,test
982,no_throw_clip_393,0,train
983,no_throw_clip_394,0,train
984,no_throw_clip_398,0,train
985,no_throw_clip_4,0,train
986,no_throw_clip_400,0,train
987,no_throw_clip_401,0,train
988,no_throw_clip_402,0,train
989,no_throw_clip_407,0,train
990,no_throw_clip_41,0,train
991,no_throw_clip_414,0,train
992,no_throw_clip_415,0,train
993,no_throw_clip_416,0,train
994,no_throw_clip_418,0,train
995,no_throw_clip_419,0,validation
996,no_throw_clip_42,0,train
997,no_throw_clip_425,0,train
998,no_throw_clip_427,0,train
999,no_throw_clip_43,0,train
1000,no_throw_clip_432,0,train
1001,no_throw_clip_44,0,train
1002,no_throw_clip_442,0,train
1003,no_throw_clip_443,0,train
1004,no_throw_clip_447,0,train
1005,no_throw_clip_448,0,train
1006,no_throw_clip_449,0,train
1007,no_throw_clip_453,0,train
1008,no_throw_clip_454,0,train
1009,no_throw_clip_455,0,train
1010,no_throw_clip_456,0,train
1011,no_throw_clip_459,0,train
1012,no_throw_clip_46,0,test
1013,no_throw_clip_460,0,train
1014,no_throw_clip_461,0,validation
1015,no_throw_clip_465,0,train
1016,no_throw_clip_471,0,test
1017,no_throw_clip_475,0,test
1018,no_throw_clip_476,0,train
1019,no_throw_clip_477,0,test
1020,no_throw_clip_483,0,validation
1021,no_throw_clip_485,0,validation
1022,no_throw_clip_486,0,train
1023,no_throw_clip_487,0,train
1024,no_throw_clip_489,0,train
1025,no_throw_clip_49,0,validation
1026,no_throw_clip_491,0,train
1027,no_throw_clip_493,0,train
1028,no_throw_clip_495,0,test
1029,no_throw_clip_496,0,train
1030,no_throw_clip_497,0,train
1031,no_throw_clip_499,0,train
1032,no_throw_clip_50,0,train
1033,no_throw_clip_502,0,train
1034,no_throw_clip_503,0,train
1035,no_throw_clip_504,0,train
1036,no_throw_clip_505,0,train
1037,no_throw_clip_506,0,train
1038,no_throw_clip_507,0,validation
1039,no_throw_clip_509,0,train
1040,no_throw_clip_51,0,train
1041,no_throw_clip_510,0,train
1042,no_throw_clip_511,0,train
1043,no_throw_clip_512,0,train
1044,no_throw_clip_513,0,validation
1045,no_throw_clip_516,0,validation
1046,no_throw_clip_517,0,train
1047,no_throw_clip_519,0,train
1048,no_throw_clip_520,0,train
1049,no_throw_clip_521,0,train
1050,no_throw_clip_522,0,train
1051,no_throw_clip_523,0,test
1052,no_throw_clip_524,0,train
1053,no_throw_clip_525,0,train
1054,no_throw_clip_526,0,train
1055,no_throw_clip_528,0,train
1056,no_throw_clip_53,0,test
1057,no_throw_clip_532,0,train
1058,no_throw_clip_533,0,train
1059,no_throw_clip_534,0,validation
1060,no_throw_clip_536,0,validation
1061,no_throw_clip_537,0,train
1062,no_throw_clip_539,0,train
1063,no_throw_clip_54,0,train
1064,no_throw_clip_544,0,test
1065,no_throw_clip_545,0,train
1066,no_throw_clip_547,0,train
1067,no_throw_clip_549,0,train
1068,no_throw_clip_550,0,train
1069,no_throw_clip_551,0,train
1070,no_throw_clip_552,0,train
1071,no_throw_clip_553,0,validation
1072,no_throw_clip_554,0,validation
1073,no_throw_clip_555,0,train
1074,no_throw_clip_556,0,train
1075,no_throw_clip_557,0,train
1076,no_throw_clip_558,0,validation
1077,no_throw_clip_559,0,train
1078,no_throw_clip_560,0,train
1079,no_throw_clip_561,0,train
1080,no_throw_clip_562,0,train
1081,no_throw_clip_563,0,train
1082,no_throw_clip_565,0,test
1083,no_throw_clip_566,0,train
1084,no_throw_clip_567,0,train
1085,no_throw_clip_568,0,train
1086,no_throw_clip_569,0,test
1087,no_throw_clip_570,0,train
1088,no_throw_clip_571,0,train
1089,no_throw_clip_572,0,train
1090,no_throw_clip_573,0,train
1091,no_throw_clip_574,0,train
1092,no_throw_clip_579,0,train
1093,no_throw_clip_581,0,train
1094,no_throw_clip_582,0,train
1095,no_throw_clip_584,0,test
1096,no_throw_clip_585,0,train
1097,no_throw_clip_586,0,train
1098,no_throw_clip_587,0,train
1099,no_throw_clip_588,0,train
1100,no_throw_clip_589,0,train
1101,no_throw_clip_59,0,train
1102,no_throw_clip_590,0,train
1103,no_throw_clip_591,0,train
1104,no_throw_clip_592,0,validation
1105,no_throw_clip_594,0,train
1106,no_throw_clip_595,0,train
1107,no_throw_clip_596,0,train
1108,no_throw_clip_597,0,train
1109,no_throw_clip_599,0,test
1110,no_throw_clip_6,0,train
1111,no_throw_clip_600,0,train
1112,no_throw_clip_602,0,train
1113,no_throw_clip_603,0,train
1114,no_throw_clip_604,0,train
1115,no_throw_clip_605,0,train
1116,no_throw_clip_606,0,train
1117,no_throw_clip_607,0,train
1118,no_throw_clip_610,0,train
1119,no_throw_clip_611,0,train
1120,no_throw_clip_612,0,train
1121,no_throw_clip_613,0,train
1122,no_throw_clip_614,0,validation
1123,no_throw_clip_615,0,validation
1124,no_throw_clip_616,0,train
1125,no_throw_clip_617,0,train
1126,no_throw_clip_618,0,validation
1127,no_throw_clip_619,0,train
1128,no_throw_clip_62,0,train
1129,no_throw_clip_620,0,validation
1130,no_throw_clip_621,0,test
1131,no_throw_clip_622,0,train
1132,no_throw_clip_623,0,train
1133,no_throw_clip_624,0,train
1134,no_throw_clip_625,0,train
1135,no_throw_clip_626,0,test
1136,no_throw_clip_627,0,validation
1137,no_throw_clip_628,0,train
1138,no_throw_clip_629,0,train
1139,no_throw_clip_630,0,train
1140,no_throw_clip_631,0,test
1141,no_throw_clip_632,0,train
1142,no_throw_clip_633,0,train
1143,no_throw_clip_634,0,test
1144,no_throw_clip_636,0,train
1145,no_throw_clip_637,0,train
1146,no_throw_clip_638,0,train
1147,no_throw_clip_639,0,test
1148,no_throw_clip_641,0,train
1149,no_throw_clip_642,0,train
1150,no_throw_clip_643,0,train
1151,no_throw_clip_644,0,train
1152,no_throw_clip_645,0,test
1153,no_throw_clip_648,0,validation
1154,no_throw_clip_649,0,test
1155,no_throw_clip_650,0,train
1156,no_throw_clip_651,0,train
1157,no_throw_clip_657,0,train
1158,no_throw_clip_659,0,train
1159,no_throw_clip_660,0,train
1160,no_throw_clip_663,0,train
1161,no_throw_clip_664,0,train
1162,no_throw_clip_665,0,validation
1163,no_throw_clip_666,0,validation
1164,no_throw_clip_668,0,train
1165,no_throw_clip_669,0,train
1166,no_throw_clip_673,0,train
1167,no_throw_clip_674,0,train
1168,no_throw_clip_675,0,test
1169,no_throw_clip_676,0,validation
1170,no_throw_clip_677,0,train
1171,no_throw_clip_678,0,validation
1172,no_throw_clip_679,0,train
1173,no_throw_clip_680,0,train
1174,no_throw_clip_681,0,train
1175,no_throw_clip_685,0,train
1176,no_throw_clip_686,0,train
1177,no_throw_clip_691,0,train
1178,no_throw_clip_699,0,train
1179,no_throw_clip_7,0,train
1180,no_throw_clip_700,0,test
1181,no_throw_clip_702,0,train
1182,no_throw_clip_704,0,validation
1183,no_throw_clip_707,0,test
1184,no_throw_clip_710,0,validation
1185,no_throw_clip_711,0,train
1186,no_throw_clip_716,0,train
1187,no_throw_clip_717,0,train
1188,no_throw_clip_718,0,train
1189,no_throw_clip_720,0,train
1190,no_throw_clip_721,0,validation
1191,no_throw_clip_722,0,train
1192,no_throw_clip_723,0,train
1193,no_throw_clip_725,0,train
1194,no_throw_clip_726,0,validation
1195,no_throw_clip_727,0,train
1196,no_throw_clip_728,0,train
1197,no_throw_clip_729,0,validation
1198,no_throw_clip_731,0,train
1199,no_throw_clip_732,0,train
1200,no_throw_clip_733,0,train
1201,no_throw_clip_735,0,train
1202,no_throw_clip_737,0,train
1203,no_throw_clip_739,0,train
1204,no_throw_clip_740,0,train
1205,no_throw_clip_743,0,test
1206,no_throw_clip_745,0,train
1207,no_throw_clip_746,0,validation
1208,no_throw_clip_747,0,train
1209,no_throw_clip_748,0,train
1210,no_throw_clip_750,0,train
1211,no_throw_clip_751,0,train
1212,no_throw_clip_754,0,train
1213,no_throw_clip_756,0,train
1214,no_throw_clip_757,0,train
1215,no_throw_clip_758,0,test
1216,no_throw_clip_759,0,train
1217,no_throw_clip_76,0,train
1218,no_throw_clip_760,0,test
1219,no_throw_clip_761,0,train
1220,no_throw_clip_762,0,train
1221,no_throw_clip_763,0,train
1222,no_throw_clip_769,0,train
1223,no_throw_clip_776,0,train
1224,no_throw_clip_777,0,train
1225,no_throw_clip_778,0,train
1226,no_throw_clip_779,0,validation
1227,no_throw_clip_78,0,train
1228,no_throw_clip_780,0,train
1229,no_throw_clip_781,0,train
1230,no_throw_clip_782,0,train
1231,no_throw_clip_786,0,train
1232,no_throw_clip_787,0,train
1233,no_throw_clip_788,0,test
1234,no_throw_clip_789,0,train
1235,no_throw_clip_79,0,train
1236,no_throw_clip_790,0,train
1237,no_throw_clip_791,0,train
1238,no_throw_clip_792,0,validation
1239,no_throw_clip_793,0,train
1240,no_throw_clip_794,0,train
1241,no_throw_clip_795,0,test
1242,no_throw_clip_796,0,train
1243,no_throw_clip_797,0,train
1244,no_throw_clip_798,0,train
1245,no_throw_clip_799,0,train
1246,no_throw_clip_8,0,train
1247,no_throw_clip_80,0,train
1248,no_throw_clip_800,0,train
1249,no_throw_clip_801,0,train
1250,no_throw_clip_802,0,train
1251,no_throw_clip_803,0,train
1252,no_throw_clip_804,0,train
1253,no_throw_clip_805,0,train
1254,no_throw_clip_808,0,test
1255,no_throw_clip_81,0,train
1256,no_throw_clip_810,0,validation
1257,no_throw_clip_82,0,train
1258,no_throw_clip_822,0,train
1259,no_throw_clip_829,0,train
1260,no_throw_clip_83,0,train
1261,no_throw_clip_830,0,train
1262,no_throw_clip_834,0,train
1263,no_throw_clip_835,0,validation
1264,no_throw_clip_836,0,test
1265,no_throw_clip_841,0,train
1266,no_throw_clip_842,0,train
1267,no_throw_clip_843,0,validation
1268,no_throw_clip_844,0,train
1269,no_throw_clip_845,0,train
1270,no_throw_clip_846,0,train
1271,no_throw_clip_847,0,train
1272,no_throw_clip_848,0,validation
1273,no_throw_clip_849,0,test
1274,no_throw_clip_85,0,train
1275,no_throw_clip_850,0,test
1276,no_throw_clip_851,0,test
1277,no_throw_clip_852,0,train
1278,no_throw_clip_853,0,validation
1279,no_throw_clip_854,0,train
1280,no_throw_clip_855,0,train
1281,no_throw_clip_856,0,train
1282,no_throw_clip_857,0,train
1283,no_throw_clip_858,0,test
1284,no_throw_clip_859,0,train
1285,no_throw_clip_86,0,train
1286,no_throw_clip_860,0,validation
1287,no_throw_clip_861,0,train
1288,no_throw_clip_862,0,train
1289,no_throw_clip_863,0,train
1290,no_throw_clip_864,0,train
1291,no_throw_clip_865,0,train
1292,no_throw_clip_866,0,train
1293,no_throw_clip_867,0,train
1294,no_throw_clip_868,0,validation
1295,no_throw_clip_869,0,train
1296,no_throw_clip_870,0,train
1297,no_throw_clip_871,0,validation
1298,no_throw_clip_872,0,train
1299,no_throw_clip_873,0,train
1300,no_throw_clip_874,0,train
1301,no_throw_clip_875,0,train
1302,no_throw_clip_876,0,train
1303,no_throw_clip_879,0,train
1304,no_throw_clip_88,0,validation
1305,no_throw_clip_881,0,train
1306,no_throw_clip_883,0,train
1307,no_throw_clip_886,0,validation
1308,no_throw_clip_887,0,validation
1309,no_throw_clip_89,0,validation
1310,no_throw_clip_891,0,train
1311,no_throw_clip_893,0,train
1312,no_throw_clip_894,0,test
1313,no_throw_clip_895,0,train
1314,no_throw_clip_896,0,train
1315,no_throw_clip_897,0,train
1316,no_throw_clip_898,0,validation
1317,no_throw_clip_899,0,train
1318,no_throw_clip_9,0,train
1319,no_throw_clip_90,0,train
1320,no_throw_clip_902,0,train
1321,no_throw_clip_903,0,validation
1322,no_throw_clip_904,0,train
1323,no_throw_clip_905,0,train
1324,no_throw_clip_907,0,train
1325,no_throw_clip_908,0,train
1326,no_throw_clip_909,0,train
1327,no_throw_clip_91,0,train
1328,no_throw_clip_910,0,test
1329,no_throw_clip_911,0,train
1330,no_throw_clip_912,0,train
1331,no_throw_clip_914,0,train
1332,no_throw_clip_915,0,test
1333,no_throw_clip_917,0,train
1334,no_throw_clip_918,0,train
1335,no_throw_clip_919,0,train
1336,no_throw_clip_92,0,train
1337,no_throw_clip_922,0,test
1338,no_throw_clip_923,0,train
1339,no_throw_clip_926,0,train
1340,no_throw_clip_927,0,train
1341,no_throw_clip_93,0,train
1342,no_throw_clip_930,0,train
1343,no_throw_clip_931,0,train
1344,no_throw_clip_932,0,train
1345,no_throw_clip_934,0,train
1346,no_throw_clip_935,0,train
1347,no_throw_clip_938,0,train
1348,no_throw_clip_939,0,validation
1349,no_throw_clip_94,0,train
1350,no_throw_clip_940,0,train
1351,no_throw_clip_943,0,validation
1352,no_throw_clip_944,0,train
1353,no_throw_clip_947,0,train
1354,no_throw_clip_948,0,validation
1355,no_throw_clip_949,0,validation
1356,no_throw_clip_950,0,train
1357,no_throw_clip_951,0,train
1358,no_throw_clip_952,0,train
1359,no_throw_clip_955,0,train
1360,no_throw_clip_959,0,train
1361,no_throw_clip_96,0,train
1362,no_throw_clip_960,0,train
1363,no_throw_clip_961,0,train
1364,no_throw_clip_962,0,train
1365,no_throw_clip_963,0,train
1366,no_throw_clip_965,0,test
1367,no_throw_clip_968,0,train
1368,no_throw_clip_97,0,train
1369,no_throw_clip_970,0,validation
1370,no_throw_clip_973,0,train
1371,no_throw_clip_974,0,train
1372,no_throw_clip_975,0,train
1373,no_throw_clip_976,0,train
1374,no_throw_clip_978,0,train
1375,no_throw_clip_979,0,train
1376,no_throw_clip_98,0,train
1377,no_throw_clip_980,0,validation
1378,no_throw_clip_981,0,train
1379,no_throw_clip_982,0,train
1380,no_throw_clip_985,0,train
1381,no_throw_clip_986,0,train
1382,no_throw_clip_987,0,train
1383,no_throw_clip_988,0,train
1384,no_throw_clip_989,0,train
1385,no_throw_clip_99,0,train
1386,no_throw_clip_991,0,train
1387,no_throw_clip_992,0,test
1388,no_throw_clip_996,0,train
1389,no_throw_clip_998,0,train
1390,attempt_id1,1,train
1391,attempt_id10,1,train
1392,attempt_id102,1,validation
1393,attempt_id104,1,train
1394,attempt_id105,1,train
1395,attempt_id106,1,train
1396,attempt_id107,1,train
1397,attempt_id108,1,train
1398,attempt_id109,1,train
1399,attempt_id110,1,train
1400,attempt_id111,1,validation
1401,attempt_id113,1,train
1402,attempt_id114,1,train
1403,attempt_id115,1,train
1404,attempt_id116,1,train
1405,attempt_id117,1,validation
1406,attempt_id118,1,train
1407,attempt_id119,1,train
1408,attempt_id12,1,train
1409,attempt_id120,1,validation
1410,attempt_id121,1,train
1411,attempt_id122,1,train
1412,attempt_id123,1,train
1413,attempt_id124,1,train
1414,attempt_id125,1,train
1415,attempt_id126,1,train
1416,attempt_id127,1,train
1417,attempt_id128,1,train
1418,attempt_id129,1,test
1419,attempt_id13,1,train
1420,attempt_id130,1,train
1421,attempt_id131,1,train
1422,attempt_id132,1,train
1423,attempt_id133,1,train
1424,attempt_id134,1,train
1425,attempt_id135,1,train
1426,attempt_id136,1,test
1427,attempt_id137,1,validation
1428,attempt_id138,1,test
1429,attempt_id139,1,test
1430,attempt_id14,1,train
1431,attempt_id140,1,train
1432,attempt_id142,1,train
1433,attempt_id143,1,train
1434,attempt_id144,1,train
1435,attempt_id15,1,train
1436,attempt_id155,1,validation
1437,attempt_id16,1,train
1438,attempt_id166,1,train
1439,attempt_id17,1,train
1440,attempt_id177,1,train
1441,attempt_id178,1,train
1442,attempt_id179,1,train
1443,attempt_id18,1,test
1444,attempt_id181,1,train
1445,attempt_id182,1,train
1446,attempt_id183,1,train
1447,attempt_id184,1,train
1448,attempt_id185,1,train
1449,attempt_id186,1,train
1450,attempt_id187,1,validation
1451,attempt_id188,1,validation
1452,attempt_id189,1,train
1453,attempt_id19,1,train
1454,attempt_id190,1,train
1455,attempt_id191,1,train
1456,attempt_id192,1,train
1457,attempt_id194,1,train
1458,attempt_id195,1,train
1459,attempt_id196,1,train
1460,attempt_id197,1,train
1461,attempt_id198,1,train
1462,attempt_id199,1,train
1463,attempt_id2,1,train
1464,attempt_id20,1,train
1465,attempt_id200,1,train
1466,attempt_id201,1,train
1467,attempt_id202,1,train
1468,attempt_id205,1,train
1469,attempt_id207,1,train
1470,attempt_id208,1,train
1471,attempt_id209,1,train
1472,attempt_id21,1,train
1473,attempt_id210,1,train
1474,attempt_id211,1,train
1475,attempt_id214,1,train
1476,attempt_id215,1,train
1477,attempt_id217,1,train
1478,attempt_id218,1,validation
1479,attempt_id219,1,train
1480,attempt_id22,1,train
1481,attempt_id220,1,test
1482,attempt_id221,1,train
1483,attempt_id222,1,train
1484,attempt_id223,1,train
1485,attempt_id224,1,train
1486,attempt_id225,1,train
1487,attempt_id228,1,test
1488,attempt_id229,1,validation
1489,attempt_id23,1,train
1490,attempt_id230,1,train
1491,attempt_id231,1,train
1492,attempt_id232,1,train
1493,attempt_id233,1,train
1494,attempt_id234,1,train
1495,attempt_id235,1,train
1496,attempt_id236,1,validation
1497,attempt_id237,1,test
1498,attempt_id238,1,train
1499,attempt_id239,1,train
1500,attempt_id24,1,train
1501,attempt_id240,1,train
1502,attempt_id241,1,train
1503,attempt_id242,1,test
1504,attempt_id247,1,validation
1505,attempt_id248,1,train
1506,attempt_id249,1,train
1507,attempt_id25,1,train
1508,attempt_id250,1,train
1509,attempt_id251,1,test
1510,attempt_id252,1,train
1511,attempt_id253,1,train
1512,attempt_id254,1,train
1513,attempt_id255,1,test
1514,attempt_id256,1,train
1515,attempt_id257,1,train
1516,attempt_id258,1,train
1517,attempt_id259,1,train
1518,attempt_id26,1,train
1519,attempt_id260,1,train
1520,attempt_id261,1,test
1521,attempt_id262,1,train
1522,attempt_id263,1,train
1523,attempt_id264,1,train
1524,attempt_id265,1,train
1525,attempt_id266,1,train
1526,attempt_id267,1,train
1527,attempt_id268,1,train
1528,attempt_id27,1,train
1529,attempt_id272,1,validation
1530,attempt_id273,1,test
1531,attempt_id274,1,validation
1532,attempt_id275,1,train
1533,attempt_id276,1,train
1534,attempt_id277,1,test
1535,attempt_id28,1,test
1536,attempt_id288,1,validation
1537,attempt_id289,1,train
1538,attempt_id29,1,train
1539,attempt_id290,1,train
1540,attempt_id291,1,train
1541,attempt_id293,1,test
1542,attempt_id294,1,test
1543,attempt_id295,1,train
1544,attempt_id296,1,train
1545,attempt_id297,1,train
1546,attempt_id298,1,train
1547,attempt_id299,1,train
1548,attempt_id3,1,validation
1549,attempt_id30,1,test
1550,attempt_id300,1,test
1551,attempt_id301,1,train
1552,attempt_id302,1,train
1553,attempt_id303,1,train
1554,attempt_id304,1,train
1555,attempt_id305,1,train
1556,attempt_id306,1,train
1557,attempt_id307,1,validation
1558,attempt_id308,1,train
1559,attempt_id309,1,validation
1560,attempt_id31,1,test
1561,attempt_id310,1,train
1562,attempt_id311,1,train
1563,attempt_id312,1,train
1564,attempt_id313,1,train
1565,attempt_id314,1,test
1566,attempt_id315,1,train
1567,attempt_id316,1,train
1568,attempt_id317,1,train
1569,attempt_id319,1,train
1570,attempt_id32,1,train
1571,attempt_id320,1,train
1572,attempt_id321,1,validation
1573,attempt_id322,1,train
1574,attempt_id33,1,train
1575,attempt_id333,1,train
1576,attempt_id334,1,validation
1577,attempt_id336,1,test
1578,attempt_id337,1,train
1579,attempt_id338,1,train
1580,attempt_id339,1,train
1581,attempt_id34,1,train
1582,attempt_id341,1,train
1583,attempt_id342,1,train
1584,attempt_id343,1,test
1585,attempt_id344,1,train
1586,attempt_id345,1,train
1587,attempt_id346,1,train
1588,attempt_id347,1,train
1589,attempt_id349,1,train
1590,attempt_id35,1,train
1591,attempt_id350,1,train
1592,attempt_id351,1,train
1593,attempt_id352,1,train
1594,attempt_id353,1,train
1595,attempt_id354,1,train
1596,attempt_id355,1,train
1597,attempt_id36,1,train
1598,attempt_id366,1,train
1599,attempt_id367,1,train
1600,attempt_id368,1,train
1601,attempt_id369,1,train
1602,attempt_id37,1,train
1603,attempt_id370,1,train
1604,attempt_id372,1,train
1605,attempt_id373,1,test
1606,attempt_id374,1,train
1607,attempt_id375,1,test
1608,attempt_id376,1,train
1609,attempt_id377,1,train
1610,attempt_id378,1,train
1611,attempt_id379,1,train
1612,attempt_id38,1,train
1613,attempt_id380,1,test
1614,attempt_id381,1,train
1615,attempt_id382,1,validation
1616,attempt_id385,1,train
1617,attempt_id386,1,train
1618,attempt_id387,1,train
1619,attempt_id388,1,train
1620,attempt_id390,1,train
1621,attempt_id391,1,train
1622,attempt_id392,1,train
1623,attempt_id393,1,train
1624,attempt_id394,1,train
1625,attempt_id395,1,train
1626,attempt_id396,1,train
1627,attempt_id397,1,train
1628,attempt_id398,1,validation
1629,attempt_id399,1,train
1630,attempt_id4,1,train
1631,attempt_id40,1,train
1632,attempt_id400,1,test
1633,attempt_id401,1,train
1634,attempt_id402,1,validation
1635,attempt_id403,1,train
1636,attempt_id404,1,train
1637,attempt_id405,1,train
1638,attempt_id407,1,train
1639,attempt_id408,1,train
1640,attempt_id409,1,test
1641,attempt_id411,1,train
1642,attempt_id412,1,train
1643,attempt_id413,1,train
1644,attempt_id414,1,train
1645,attempt_id415,1,train
1646,attempt_id417,1,train
1647,attempt_id418,1,train
1648,attempt_id419,1,test
1649,attempt_id42,1,train
1650,attempt_id420,1,validation
1651,attempt_id421,1,validation
1652,attempt_id422,1,train
1653,attempt_id423,1,train
1654,attempt_id424,1,train
1655,attempt_id425,1,test
1656,attempt_id428,1,validation
1657,attempt_id429,1,train
1658,attempt_id43,1,train
1659,attempt_id430,1,train
1660,attempt_id431,1,train
1661,attempt_id432,1,validation
1662,attempt_id433,1,train
1663,attempt_id434,1,test
1664,attempt_id435,1,train
1665,attempt_id437,1,train
1666,attempt_id438,1,train
1667,attempt_id439,1,train
1668,attempt_id441,1,train
1669,attempt_id443,1,train
1670,attempt_id444,1,train
1671,attempt_id445,1,train
1672,attempt_id447,1,train
1673,attempt_id448,1,train
1674,attempt_id449,1,train
1675,attempt_id45,1,train
1676,attempt_id451,1,train
1677,attempt_id455,1,train
1678,attempt_id456,1,test
1679,attempt_id457,1,train
1680,attempt_id458,1,train
1681,attempt_id459,1,train
1682,attempt_id460,1,validation
1683,attempt_id461,1,train
1684,attempt_id464,1,train
1685,attempt_id465,1,train
1686,attempt_id47,1,train
1687,attempt_id470,1,train
1688,attempt_id471,1,train
1689,attempt_id472,1,train
1690,attempt_id473,1,validation
1691,attempt_id474,1,validation
1692,attempt_id477,1,train
1693,attempt_id478,1,train
1694,attempt_id48,1,train
1695,attempt_id480,1,train
1696,attempt_id483,1,train
1697,attempt_id484,1,train
1698,attempt_id485,1,train
1699,attempt_id486,1,validation
1700,attempt_id487,1,test
1701,attempt_id49,1,train
1702,attempt_id490,1,train
1703,attempt_id492,1,train
1704,attempt_id493,1,train
1705,attempt_id494,1,validation
1706,attempt_id495,1,train
1707,attempt_id496,1,test
1708,attempt_id498,1,validation
1709,attempt_id499,1,train
1710,attempt_id5,1,train
1711,attempt_id500,1,train
1712,attempt_id501,1,test
1713,attempt_id502,1,test
1714,attempt_id503,1,train
1715,attempt_id504,1,train
1716,attempt_id505,1,train
1717,attempt_id507,1,test
1718,attempt_id508,1,validation
1719,attempt_id509,1,validation
1720,attempt_id510,1,train
1721,attempt_id512,1,validation
1722,attempt_id514,1,train
1723,attempt_id516,1,train
1724,attempt_id517,1,train
1725,attempt_id518,1,test
1726,attempt_id52,1,train
1727,attempt_id520,1,train
1728,attempt_id521,1,train
1729,attempt_id524,1,validation
1730,attempt_id525,1,train
1731,attempt_id526,1,train
1732,attempt_id527,1,train
1733,attempt_id528,1,validation
1734,attempt_id529,1,train
1735,attempt_id53,1,train
1736,attempt_id530,1,train
1737,attempt_id532,1,train
1738,attempt_id535,1,validation
1739,attempt_id537,1,train
1740,attempt_id538,1,train
1741,attempt_id539,1,train
1742,attempt_id54,1,validation
1743,attempt_id540,1,train
1744,attempt_id541,1,train
1745,attempt_id546,1,train
1746,attempt_id547,1,test
1747,attempt_id549,1,train
1748,attempt_id55,1,validation
1749,attempt_id550,1,train
1750,attempt_id551,1,train
1751,attempt_id552,1,train
1752,attempt_id553,1,train
1753,attempt_id554,1,test
1754,attempt_id555,1,train
1755,attempt_id556,1,test
1756,attempt_id557,1,train
1757,attempt_id558,1,train
1758,attempt_id559,1,train
1759,attempt_id56,1,train
1760,attempt_id560,1,train
1761,attempt_id561,1,train
1762,attempt_id562,1,train
1763,attempt_id563,1,train
1764,attempt_id565,1,train
1765,attempt_id566,1,validation
1766,attempt_id567,1,test
1767,attempt_id568,1,train
1768,attempt_id569,1,train
1769,attempt_id57,1,test
1770,attempt_id570,1,train
1771,attempt_id571,1,train
1772,attempt_id572,1,train
1773,attempt_id573,1,train
1774,attempt_id574,1,train
1775,attempt_id575,1,train
1776,attempt_id576,1,train
1777,attempt_id577,1,train
1778,attempt_id578,1,validation
1779,attempt_id579,1,train
1780,attempt_id58,1,train
1781,attempt_id581,1,train
1782,attempt_id582,1,train
1783,attempt_id583,1,train
1784,attempt_id584,1,validation
1785,attempt_id585,1,train
1786,attempt_id586,1,test
1787,attempt_id587,1,train
1788,attempt_id588,1,test
1789,attempt_id589,1,train
1790,attempt_id59,1,train
1791,attempt_id590,1,train
1792,attempt_id591,1,train
1793,attempt_id592,1,train
1794,attempt_id593,1,train
1795,attempt_id595,1,train
1796,attempt_id596,1,train
1797,attempt_id597,1,train
1798,attempt_id598,1,train
1799,attempt_id6,1,train
1800,attempt_id60,1,train
1801,attempt_id600,1,train
1802,attempt_id601,1,train
1803,attempt_id602,1,test
1804,attempt_id604,1,train
1805,attempt_id605,1,test
1806,attempt_id606,1,train
1807,attempt_id607,1,train
1808,attempt_id608,1,validation
1809,attempt_id609,1,train
1810,attempt_id61,1,train
1811,attempt_id610,1,train
1812,attempt_id612,1,train
1813,attempt_id614,1,train
1814,attempt_id618,1,train
1815,attempt_id620,1,test
1816,attempt_id623,1,train
1817,attempt_id624,1,train
1818,attempt_id625,1,test
1819,attempt_id626,1,train
1820,attempt_id627,1,train
1821,attempt_id628,1,validation
1822,attempt_id629,1,train
1823,attempt_id63,1,train
1824,attempt_id630,1,train
1825,attempt_id632,1,train
1826,attempt_id633,1,train
1827,attempt_id634,1,train
1828,attempt_id635,1,train
1829,attempt_id636,1,validation
1830,attempt_id637,1,train
1831,attempt_id638,1,train
1832,attempt_id639,1,train
1833,attempt_id640,1,train
1834,attempt_id641,1,train
1835,attempt_id643,1,train
1836,attempt_id644,1,train
1837,attempt_id645,1,train
1838,attempt_id646,1,train
1839,attempt_id647,1,validation
1840,attempt_id648,1,train
1841,attempt_id649,1,train
1842,attempt_id65,1,train
1843,attempt_id650,1,test
1844,attempt_id651,1,train
1845,attempt_id652,1,train
1846,attempt_id653,1,train
1847,attempt_id654,1,train
1848,attempt_id655,1,train
1849,attempt_id656,1,train
1850,attempt_id657,1,train
1851,attempt_id658,1,train
1852,attempt_id659,1,test
1853,attempt_id66,1,train
1854,attempt_id660,1,train
1855,attempt_id661,1,train
1856,attempt_id663,1,train
1857,attempt_id664,1,train
1858,attempt_id665,1,train
1859,attempt_id666,1,train
1860,attempt_id668,1,train
1861,attempt_id669,1,train
1862,attempt_id67,1,train
1863,attempt_id671,1,train
1864,attempt_id672,1,train
1865,attempt_id673,1,train
1866,attempt_id674,1,test
1867,attempt_id675,1,train
1868,attempt_id677,1,train
1869,attempt_id678,1,train
1870,attempt_id679,1,train
1871,attempt_id68,1,train
1872,attempt_id680,1,train
1873,attempt_id681,1,train
1874,attempt_id682,1,train
1875,attempt_id683,1,train
1876,attempt_id684,1,train
1877,attempt_id685,1,train
1878,attempt_id686,1,train
1879,attempt_id688,1,validation
1880,attempt_id69,1,train
1881,attempt_id690,1,train
1882,attempt_id691,1,validation
1883,attempt_id692,1,train
1884,attempt_id693,1,train
1885,attempt_id694,1,train
1886,attempt_id695,1,validation
1887,attempt_id696,1,train
1888,attempt_id7,1,train
1889,attempt_id70,1,train
1890,attempt_id700,1,train
1891,attempt_id701,1,train
1892,attempt_id702,1,train
1893,attempt_id703,1,train
1894,attempt_id705,1,train
1895,attempt_id708,1,validation
1896,attempt_id709,1,train
1897,attempt_id71,1,train
1898,attempt_id711,1,train
1899,attempt_id712,1,train
1900,attempt_id713,1,train
1901,attempt_id714,1,train
1902,attempt_id715,1,train
1903,attempt_id716,1,train
1904,attempt_id717,1,train
1905,attempt_id718,1,test
1906,attempt_id719,1,test
1907,attempt_id72,1,train
1908,attempt_id720,1,train
1909,attempt_id722,1,train
1910,attempt_id723,1,validation
1911,attempt_id724,1,train
1912,attempt_id725,1,train
1913,attempt_id726,1,train
1914,attempt_id728,1,train
1915,attempt_id729,1,train
1916,attempt_id73,1,validation
1917,attempt_id730,1,train
1918,attempt_id731,1,train
1919,attempt_id732,1,train
1920,attempt_id733,1,train
1921,attempt_id734,1,train
1922,attempt_id735,1,train
1923,attempt_id736,1,train
1924,attempt_id738,1,train
1925,attempt_id739,1,train
1926,attempt_id740,1,test
1927,attempt_id741,1,train
1928,attempt_id742,1,train
1929,attempt_id743,1,train
1930,attempt_id744,1,validation
1931,attempt_id745,1,train
1932,attempt_id746,1,train
1933,attempt_id747,1,train
1934,attempt_id748,1,train
1935,attempt_id749,1,validation
1936,attempt_id75,1,train
1937,attempt_id750,1,train
1938,attempt_id751,1,train
1939,attempt_id752,1,train
1940,attempt_id753,1,train
1941,attempt_id754,1,train
1942,attempt_id755,1,train
1943,attempt_id756,1,train
1944,attempt_id757,1,train
1945,attempt_id759,1,train
1946,attempt_id76,1,train
1947,attempt_id760,1,train
1948,attempt_id761,1,train
1949,attempt_id762,1,train
1950,attempt_id763,1,train
1951,attempt_id765,1,train
1952,attempt_id766,1,train
1953,attempt_id767,1,test
1954,attempt_id768,1,train
1955,attempt_id769,1,train
1956,attempt_id77,1,train
1957,attempt_id770,1,test
1958,attempt_id771,1,train
1959,attempt_id772,1,train
1960,attempt_id773,1,validation
1961,attempt_id774,1,train
1962,attempt_id775,1,validation
1963,attempt_id776,1,train
1964,attempt_id779,1,test
1965,attempt_id78,1,train
1966,attempt_id782,1,test
1967,attempt_id783,1,train
1968,attempt_id784,1,train
1969,attempt_id785,1,test
1970,attempt_id786,1,train
1971,attempt_id788,1,train
1972,attempt_id789,1,train
1973,attempt_id790,1,validation
1974,attempt_id792,1,test
1975,attempt_id793,1,train
1976,attempt_id794,1,train
1977,attempt_id795,1,train
1978,attempt_id796,1,train
1979,attempt_id797,1,train
1980,attempt_id798,1,train
1981,attempt_id799,1,train
1982,attempt_id8,1,test
1983,attempt_id80,1,train
1984,attempt_id800,1,train
1985,attempt_id802,1,train
1986,attempt_id803,1,train
1987,attempt_id804,1,train
1988,attempt_id805,1,train
1989,attempt_id806,1,train
1990,attempt_id807,1,train
1991,attempt_id808,1,validation
1992,attempt_id809,1,train
1993,attempt_id81,1,train
1994,attempt_id810,1,train
1995,attempt_id811,1,train
1996,attempt_id812,1,train
1997,attempt_id813,1,test
1998,attempt_id814,1,train
1999,attempt_id815,1,test
2000,attempt_id816,1,train
2001,attempt_id817,1,train
2002,attempt_id818,1,train
2003,attempt_id819,1,train
2004,attempt_id82,1,train
2005,attempt_id820,1,train
2006,attempt_id821,1,validation
2007,attempt_id822,1,train
2008,attempt_id823,1,train
2009,attempt_id825,1,test
2010,attempt_id826,1,train
2011,attempt_id827,1,train
2012,attempt_id828,1,train
2013,attempt_id829,1,train
2014,attempt_id83,1,train
2015,attempt_id830,1,train
2016,attempt_id831,1,train
2017,attempt_id832,1,validation
2018,attempt_id833,1,train
2019,attempt_id834,1,train
2020,attempt_id836,1,train
2021,attempt_id837,1,train
2022,attempt_id838,1,train
2023,attempt_id84,1,train
2024,attempt_id843,1,test
2025,attempt_id849,1,validation
2026,attempt_id851,1,train
2027,attempt_id852,1,train
2028,attempt_id853,1,train
2029,attempt_id854,1,train
2030,attempt_id855,1,train
2031,attempt_id856,1,train
2032,attempt_id857,1,train
2033,attempt_id858,1,train
2034,attempt_id859,1,train
2035,attempt_id860,1,train
2036,attempt_id861,1,train
2037,attempt_id862,1,train
2038,attempt_id863,1,validation
2039,attempt_id864,1,train
2040,attempt_id865,1,train
2041,attempt_id867,1,validation
2042,attempt_id868,1,train
2043,attempt_id869,1,train
2044,attempt_id87,1,train
2045,attempt_id870,1,train
2046,attempt_id871,1,train
2047,attempt_id872,1,train
2048,attempt_id873,1,train
2049,attempt_id874,1,validation
2050,attempt_id875,1,validation
2051,attempt_id876,1,train
2052,attempt_id877,1,train
2053,attempt_id878,1,train
2054,attempt_id879,1,test
2055,attempt_id88,1,train
2056,attempt_id880,1,train
2057,attempt_id881,1,train
2058,attempt_id882,1,train
2059,attempt_id883,1,validation
2060,attempt_id884,1,train
2061,attempt_id885,1,test
2062,attempt_id886,1,train
2063,attempt_id887,1,train
2064,attempt_id888,1,train
2065,attempt_id889,1,train
2066,attempt_id89,1,train
2067,attempt_id890,1,train
2068,attempt_id891,1,train
2069,attempt_id892,1,validation
2070,attempt_id893,1,train
2071,attempt_id894,1,train
2072,attempt_id895,1,train
2073,attempt_id896,1,train
2074,attempt_id897,1,train
2075,attempt_id898,1,train
2076,attempt_id899,1,test
2077,attempt_id9,1,train
2078,attempt_id90,1,validation
2079,attempt_id900,1,train
2080,attempt_id901,1,train
2081,attempt_id902,1,train
2082,attempt_id904,1,train
2083,attempt_id905,1,train
2084,attempt_id906,1,train
2085,attempt_id907,1,train
2086,attempt_id908,1,test
2087,attempt_id91,1,train
2088,attempt_id911,1,train
2089,attempt_id912,1,validation
2090,attempt_id913,1,test
2091,attempt_id914,1,train
2092,attempt_id915,1,train
2093,attempt_id916,1,train
2094,attempt_id918,1,test
2095,attempt_id919,1,train
2096,attempt_id92,1,train
2097,attempt_id920,1,train
2098,attempt_id921,1,train
2099,attempt_id922,1,train
2100,attempt_id924,1,test
2101,attempt_id926,1,train
2102,attempt_id927,1,train
2103,attempt_id928,1,train
2104,attempt_id93,1,train
2105,attempt_id930,1,train
2106,attempt_id931,1,train
2107,attempt_id932,1,train
2108,attempt_id934,1,train
2109,attempt_id935,1,train
2110,attempt_id936,1,train
2111,attempt_id937,1,test
2112,attempt_id938,1,train
2113,attempt_id939,1,test
2114,attempt_id94,1,train
2115,attempt_id940,1,train
2116,attempt_id941,1,train
2117,attempt_id942,1,train
2118,attempt_id946,1,train
2119,attempt_id947,1,train
2120,attempt_id949,1,train
2121,attempt_id95,1,train
2122,attempt_id951,1,test
2123,attempt_id952,1,train
2124,attempt_id953,1,train
2125,attempt_id954,1,train
2126,attempt_id956,1,validation
2127,attempt_id957,1,train
2128,attempt_id958,1,validation
2129,attempt_id959,1,train
2130,attempt_id96,1,train
2131,attempt_id960,1,train
2132,attempt_id961,1,train
2133,attempt_id962,1,train
2134,attempt_id963,1,train
2135,attempt_id964,1,validation
2136,attempt_id965,1,train
2137,attempt_id966,1,train
2138,attempt_id967,1,test
2139,attempt_id968,1,validation
2140,attempt_id969,1,train
2141,attempt_id97,1,train
2142,attempt_id971,1,train
2143,attempt_id972,1,train
2144,attempt_id973,1,validation
2145,attempt_id974,1,train
2146,attempt_id976,1,train
2147,attempt_id977,1,train
2148,attempt_id978,1,train
2149,attempt_id98,1,validation
2150,attempt_id981,1,train
2151,attempt_id982,1,train
2152,attempt_id983,1,train
2153,attempt_id984,1,test
2154,attempt_id989,1,train
2155,attempt_id99,1,train
2156,attempt_id990,1,train
2157,attempt_id991,1,train
2158,attempt_id992,1,train
2159,attempt_id994,1,train
2160,attempt_id995,1,train
2161,attempt_id996,1,train
2162,attempt_id997,1,train
